2025-05-27T16:44:26.151129Z  INFO tailwindcss_oxide::scanner: Provided sources:
2025-05-27T16:44:26.151179Z  INFO tailwindcss_oxide::scanner: Source: PublicSourceEntry { base: "/Users/nathansmith/Desktop/GHS copy 4/golden-homeshare-marketplace/goldenhomesharev1", pattern: "**/*", negated: false }
2025-05-27T16:44:26.151188Z  INFO tailwindcss_oxide::scanner: Source: PublicSourceEntry { base: "/Users/nathansmith/Desktop/GHS copy 4/golden-homeshare-marketplace/goldenhomesharev1/app", pattern: "../node_modules/@uploadthing/react/dist", negated: false }
2025-05-27T16:44:26.151248Z  INFO tailwindcss_oxide::scanner: Optimized sources:
2025-05-27T16:44:26.151252Z  INFO tailwindcss_oxide::scanner: Source: Auto { base: "/Users/nathansmith/Desktop/GHS copy 4/golden-homeshare-marketplace/goldenhomesharev1" }
2025-05-27T16:44:26.151257Z  INFO tailwindcss_oxide::scanner: Source: External { base: "/Users/nathansmith/Desktop/GHS copy 4/golden-homeshare-marketplace/goldenhomesharev1/node_modules/@uploadthing/react/dist" }
2025-05-27T16:44:26.152384Z  INFO scan_sources: tailwindcss_oxide::scanner: enter
2025-05-27T16:44:26.152717Z  INFO scan_sources: tailwindcss_oxide::scanner: Discovering "/Users/nathansmith/Desktop/GHS copy 4/golden-homeshare-marketplace/goldenhomesharev1/CHAT_FEATURE_README.md"
2025-05-27T16:44:26.152742Z  INFO scan_sources: tailwindcss_oxide::scanner: Discovering "/Users/nathansmith/Desktop/GHS copy 4/golden-homeshare-marketplace/goldenhomesharev1/.cursor"
2025-05-27T16:44:26.152768Z  INFO scan_sources: tailwindcss_oxide::scanner: Discovering "/Users/nathansmith/Desktop/GHS copy 4/golden-homeshare-marketplace/goldenhomesharev1/.cursor/rules"
2025-05-27T16:44:26.152796Z  INFO scan_sources: tailwindcss_oxide::scanner: Discovering "/Users/nathansmith/Desktop/GHS copy 4/golden-homeshare-marketplace/goldenhomesharev1/.cursor/rules/techContext.md"
2025-05-27T16:44:26.152807Z  INFO scan_sources: tailwindcss_oxide::scanner: Discovering "/Users/nathansmith/Desktop/GHS copy 4/golden-homeshare-marketplace/goldenhomesharev1/.cursor/rules/frontend_guidelines_document.md"
2025-05-27T16:44:26.152816Z  INFO scan_sources: tailwindcss_oxide::scanner: Discovering "/Users/nathansmith/Desktop/GHS copy 4/golden-homeshare-marketplace/goldenhomesharev1/.cursor/rules/activeContext.md"
2025-05-27T16:44:26.152826Z  INFO scan_sources: tailwindcss_oxide::scanner: Discovering "/Users/nathansmith/Desktop/GHS copy 4/golden-homeshare-marketplace/goldenhomesharev1/.cursor/rules/memorybank.md"
2025-05-27T16:44:26.152836Z  INFO scan_sources: tailwindcss_oxide::scanner: Discovering "/Users/nathansmith/Desktop/GHS copy 4/golden-homeshare-marketplace/goldenhomesharev1/.cursor/rules/project_requirements_document.md"
2025-05-27T16:44:26.152846Z  INFO scan_sources: tailwindcss_oxide::scanner: Discovering "/Users/nathansmith/Desktop/GHS copy 4/golden-homeshare-marketplace/goldenhomesharev1/.cursor/rules/Code_Quality_Guidelines.mdc"
2025-05-27T16:44:26.152854Z  INFO scan_sources: tailwindcss_oxide::scanner: Discovering "/Users/nathansmith/Desktop/GHS copy 4/golden-homeshare-marketplace/goldenhomesharev1/.cursor/rules/progress.md"
2025-05-27T16:44:26.152863Z  INFO scan_sources: tailwindcss_oxide::scanner: Discovering "/Users/nathansmith/Desktop/GHS copy 4/golden-homeshare-marketplace/goldenhomesharev1/.cursor/rules/productContext.md"
2025-05-27T16:44:26.152872Z  INFO scan_sources: tailwindcss_oxide::scanner: Discovering "/Users/nathansmith/Desktop/GHS copy 4/golden-homeshare-marketplace/goldenhomesharev1/.cursor/rules/Organization Rules.mdc"
2025-05-27T16:44:26.152881Z  INFO scan_sources: tailwindcss_oxide::scanner: Discovering "/Users/nathansmith/Desktop/GHS copy 4/golden-homeshare-marketplace/goldenhomesharev1/.cursor/rules/projectbrief.md"
2025-05-27T16:44:26.152890Z  INFO scan_sources: tailwindcss_oxide::scanner: Discovering "/Users/nathansmith/Desktop/GHS copy 4/golden-homeshare-marketplace/goldenhomesharev1/.cursor/rules/cursor_project_rules.mdc"
2025-05-27T16:44:26.152898Z  INFO scan_sources: tailwindcss_oxide::scanner: Discovering "/Users/nathansmith/Desktop/GHS copy 4/golden-homeshare-marketplace/goldenhomesharev1/.cursor/rules/systemPatterns.md"
2025-05-27T16:44:26.152910Z  INFO scan_sources: tailwindcss_oxide::scanner: Discovering "/Users/nathansmith/Desktop/GHS copy 4/golden-homeshare-marketplace/goldenhomesharev1/.cursor/rules/Clean_Code_Guidelines.mdc"
2025-05-27T16:44:26.152920Z  INFO scan_sources: tailwindcss_oxide::scanner: Discovering "/Users/nathansmith/Desktop/GHS copy 4/golden-homeshare-marketplace/goldenhomesharev1/.cursor/rules/backend_structure_document.md"
2025-05-27T16:44:26.152928Z  INFO scan_sources: tailwindcss_oxide::scanner: Discovering "/Users/nathansmith/Desktop/GHS copy 4/golden-homeshare-marketplace/goldenhomesharev1/.cursor/rules/security_guideline_document.md"
2025-05-27T16:44:26.152935Z  INFO scan_sources: tailwindcss_oxide::scanner: Discovering "/Users/nathansmith/Desktop/GHS copy 4/golden-homeshare-marketplace/goldenhomesharev1/.cursor/rules/NextJS_Best_Practices.mdc"
2025-05-27T16:44:26.152943Z  INFO scan_sources: tailwindcss_oxide::scanner: Discovering "/Users/nathansmith/Desktop/GHS copy 4/golden-homeshare-marketplace/goldenhomesharev1/.cursor/rules/mcp.json"
2025-05-27T16:44:26.152961Z  INFO scan_sources: tailwindcss_oxide::scanner: Discovering "/Users/nathansmith/Desktop/GHS copy 4/golden-homeshare-marketplace/goldenhomesharev1/app"
2025-05-27T16:44:26.152989Z  INFO scan_sources: tailwindcss_oxide::scanner: Discovering "/Users/nathansmith/Desktop/GHS copy 4/golden-homeshare-marketplace/goldenhomesharev1/app/homeowner"
2025-05-27T16:44:26.153011Z  INFO scan_sources: tailwindcss_oxide::scanner: Discovering "/Users/nathansmith/Desktop/GHS copy 4/golden-homeshare-marketplace/goldenhomesharev1/app/homeowner/messages"
2025-05-27T16:44:26.153029Z  INFO scan_sources: tailwindcss_oxide::scanner: Discovering "/Users/nathansmith/Desktop/GHS copy 4/golden-homeshare-marketplace/goldenhomesharev1/app/homeowner/messages/page.tsx"
2025-05-27T16:44:26.153044Z  INFO scan_sources: tailwindcss_oxide::scanner: Discovering "/Users/nathansmith/Desktop/GHS copy 4/golden-homeshare-marketplace/goldenhomesharev1/app/homeowner/dashboard"
2025-05-27T16:44:26.153060Z  INFO scan_sources: tailwindcss_oxide::scanner: Discovering "/Users/nathansmith/Desktop/GHS copy 4/golden-homeshare-marketplace/goldenhomesharev1/app/homeowner/dashboard/page.tsx"
2025-05-27T16:44:26.153074Z  INFO scan_sources: tailwindcss_oxide::scanner: Discovering "/Users/nathansmith/Desktop/GHS copy 4/golden-homeshare-marketplace/goldenhomesharev1/app/homeowner/profile"
2025-05-27T16:44:26.153096Z  INFO scan_sources: tailwindcss_oxide::scanner: Discovering "/Users/nathansmith/Desktop/GHS copy 4/golden-homeshare-marketplace/goldenhomesharev1/app/homeowner/profile/edit"
2025-05-27T16:44:26.153117Z  INFO scan_sources: tailwindcss_oxide::scanner: Discovering "/Users/nathansmith/Desktop/GHS copy 4/golden-homeshare-marketplace/goldenhomesharev1/app/homeowner/profile/edit/components"
2025-05-27T16:44:26.153133Z  INFO scan_sources: tailwindcss_oxide::scanner: Discovering "/Users/nathansmith/Desktop/GHS copy 4/golden-homeshare-marketplace/goldenhomesharev1/app/homeowner/profile/edit/components/HomeownerProfileEditForm.tsx"
2025-05-27T16:44:26.153142Z  INFO scan_sources: tailwindcss_oxide::scanner: Discovering "/Users/nathansmith/Desktop/GHS copy 4/golden-homeshare-marketplace/goldenhomesharev1/app/homeowner/profile/edit/page.tsx"
2025-05-27T16:44:26.153159Z  INFO scan_sources: tailwindcss_oxide::scanner: Discovering "/Users/nathansmith/Desktop/GHS copy 4/golden-homeshare-marketplace/goldenhomesharev1/app/settings"
2025-05-27T16:44:26.153177Z  INFO scan_sources: tailwindcss_oxide::scanner: Discovering "/Users/nathansmith/Desktop/GHS copy 4/golden-homeshare-marketplace/goldenhomesharev1/app/settings/loading.tsx"
2025-05-27T16:44:26.153191Z  INFO scan_sources: tailwindcss_oxide::scanner: Discovering "/Users/nathansmith/Desktop/GHS copy 4/golden-homeshare-marketplace/goldenhomesharev1/app/sell"
2025-05-27T16:44:26.153212Z  INFO scan_sources: tailwindcss_oxide::scanner: Discovering "/Users/nathansmith/Desktop/GHS copy 4/golden-homeshare-marketplace/goldenhomesharev1/app/sell/edit"
2025-05-27T16:44:26.153244Z  INFO scan_sources: tailwindcss_oxide::scanner: Discovering "/Users/nathansmith/Desktop/GHS copy 4/golden-homeshare-marketplace/goldenhomesharev1/app/sell/edit/[id]"
2025-05-27T16:44:26.153259Z  INFO scan_sources: tailwindcss_oxide::scanner: Discovering "/Users/nathansmith/Desktop/GHS copy 4/golden-homeshare-marketplace/goldenhomesharev1/app/sell/edit/[id]/page.tsx"
2025-05-27T16:44:26.153268Z  INFO scan_sources: tailwindcss_oxide::scanner: Discovering "/Users/nathansmith/Desktop/GHS copy 4/golden-homeshare-marketplace/goldenhomesharev1/app/sell/loading.tsx"
2025-05-27T16:44:26.153275Z  INFO scan_sources: tailwindcss_oxide::scanner: Discovering "/Users/nathansmith/Desktop/GHS copy 4/golden-homeshare-marketplace/goldenhomesharev1/app/sell/page.tsx"
2025-05-27T16:44:26.153293Z  INFO scan_sources: tailwindcss_oxide::scanner: Discovering "/Users/nathansmith/Desktop/GHS copy 4/golden-homeshare-marketplace/goldenhomesharev1/app/products"
2025-05-27T16:44:26.153313Z  INFO scan_sources: tailwindcss_oxide::scanner: Discovering "/Users/nathansmith/Desktop/GHS copy 4/golden-homeshare-marketplace/goldenhomesharev1/app/products/[category]"
2025-05-27T16:44:26.153328Z  INFO scan_sources: tailwindcss_oxide::scanner: Discovering "/Users/nathansmith/Desktop/GHS copy 4/golden-homeshare-marketplace/goldenhomesharev1/app/products/[category]/loading.tsx"
2025-05-27T16:44:26.153335Z  INFO scan_sources: tailwindcss_oxide::scanner: Discovering "/Users/nathansmith/Desktop/GHS copy 4/golden-homeshare-marketplace/goldenhomesharev1/app/products/[category]/page.tsx"
2025-05-27T16:44:26.153351Z  INFO scan_sources: tailwindcss_oxide::scanner: Discovering "/Users/nathansmith/Desktop/GHS copy 4/golden-homeshare-marketplace/goldenhomesharev1/app/payment"
2025-05-27T16:44:26.153371Z  INFO scan_sources: tailwindcss_oxide::scanner: Discovering "/Users/nathansmith/Desktop/GHS copy 4/golden-homeshare-marketplace/goldenhomesharev1/app/payment/cancel"
2025-05-27T16:44:26.153387Z  INFO scan_sources: tailwindcss_oxide::scanner: Discovering "/Users/nathansmith/Desktop/GHS copy 4/golden-homeshare-marketplace/goldenhomesharev1/app/payment/cancel/page.tsx"
2025-05-27T16:44:26.153402Z  INFO scan_sources: tailwindcss_oxide::scanner: Discovering "/Users/nathansmith/Desktop/GHS copy 4/golden-homeshare-marketplace/goldenhomesharev1/app/payment/success"
2025-05-27T16:44:26.153416Z  INFO scan_sources: tailwindcss_oxide::scanner: Discovering "/Users/nathansmith/Desktop/GHS copy 4/golden-homeshare-marketplace/goldenhomesharev1/app/payment/success/page.tsx"
2025-05-27T16:44:26.153431Z  INFO scan_sources: tailwindcss_oxide::scanner: Discovering "/Users/nathansmith/Desktop/GHS copy 4/golden-homeshare-marketplace/goldenhomesharev1/app/return"
2025-05-27T16:44:26.153450Z  INFO scan_sources: tailwindcss_oxide::scanner: Discovering "/Users/nathansmith/Desktop/GHS copy 4/golden-homeshare-marketplace/goldenhomesharev1/app/return/[id]"
2025-05-27T16:44:26.153464Z  INFO scan_sources: tailwindcss_oxide::scanner: Discovering "/Users/nathansmith/Desktop/GHS copy 4/golden-homeshare-marketplace/goldenhomesharev1/app/return/[id]/page.tsx"
2025-05-27T16:44:26.153478Z  INFO scan_sources: tailwindcss_oxide::scanner: Discovering "/Users/nathansmith/Desktop/GHS copy 4/golden-homeshare-marketplace/goldenhomesharev1/app/product"
2025-05-27T16:44:26.153497Z  INFO scan_sources: tailwindcss_oxide::scanner: Discovering "/Users/nathansmith/Desktop/GHS copy 4/golden-homeshare-marketplace/goldenhomesharev1/app/product/[id]"
2025-05-27T16:44:26.153510Z  INFO scan_sources: tailwindcss_oxide::scanner: Discovering "/Users/nathansmith/Desktop/GHS copy 4/golden-homeshare-marketplace/goldenhomesharev1/app/product/[id]/loading.tsx"
2025-05-27T16:44:26.153518Z  INFO scan_sources: tailwindcss_oxide::scanner: Discovering "/Users/nathansmith/Desktop/GHS copy 4/golden-homeshare-marketplace/goldenhomesharev1/app/product/[id]/page.tsx"
2025-05-27T16:44:26.153533Z  INFO scan_sources: tailwindcss_oxide::scanner: Discovering "/Users/nathansmith/Desktop/GHS copy 4/golden-homeshare-marketplace/goldenhomesharev1/app/components"
2025-05-27T16:44:26.153560Z  INFO scan_sources: tailwindcss_oxide::scanner: Discovering "/Users/nathansmith/Desktop/GHS copy 4/golden-homeshare-marketplace/goldenhomesharev1/app/components/Navbar.tsx"
2025-05-27T16:44:26.153568Z  INFO scan_sources: tailwindcss_oxide::scanner: Discovering "/Users/nathansmith/Desktop/GHS copy 4/golden-homeshare-marketplace/goldenhomesharev1/app/components/HomeownerProfileCard.tsx"
2025-05-27T16:44:26.153576Z  INFO scan_sources: tailwindcss_oxide::scanner: Discovering "/Users/nathansmith/Desktop/GHS copy 4/golden-homeshare-marketplace/goldenhomesharev1/app/components/ProductDescription.tsx"
2025-05-27T16:44:26.153589Z  INFO scan_sources: tailwindcss_oxide::scanner: Discovering "/Users/nathansmith/Desktop/GHS copy 4/golden-homeshare-marketplace/goldenhomesharev1/app/components/form"
2025-05-27T16:44:26.153606Z  INFO scan_sources: tailwindcss_oxide::scanner: Discovering "/Users/nathansmith/Desktop/GHS copy 4/golden-homeshare-marketplace/goldenhomesharev1/app/components/form/EditListingForm.tsx"
2025-05-27T16:44:26.153614Z  INFO scan_sources: tailwindcss_oxide::scanner: Discovering "/Users/nathansmith/Desktop/GHS copy 4/golden-homeshare-marketplace/goldenhomesharev1/app/components/form/Sellform.tsx"
2025-05-27T16:44:26.153623Z  INFO scan_sources: tailwindcss_oxide::scanner: Discovering "/Users/nathansmith/Desktop/GHS copy 4/golden-homeshare-marketplace/goldenhomesharev1/app/components/ListingCard.tsx"
2025-05-27T16:44:26.153636Z  INFO scan_sources: tailwindcss_oxide::scanner: Discovering "/Users/nathansmith/Desktop/GHS copy 4/golden-homeshare-marketplace/goldenhomesharev1/app/components/chat"
2025-05-27T16:44:26.153654Z  INFO scan_sources: tailwindcss_oxide::scanner: Discovering "/Users/nathansmith/Desktop/GHS copy 4/golden-homeshare-marketplace/goldenhomesharev1/app/components/chat/MessageHousemateButton.tsx"
2025-05-27T16:44:26.153662Z  INFO scan_sources: tailwindcss_oxide::scanner: Discovering "/Users/nathansmith/Desktop/GHS copy 4/golden-homeshare-marketplace/goldenhomesharev1/app/components/chat/HomeownerChatModal.tsx"
2025-05-27T16:44:26.153669Z  INFO scan_sources: tailwindcss_oxide::scanner: Discovering "/Users/nathansmith/Desktop/GHS copy 4/golden-homeshare-marketplace/goldenhomesharev1/app/components/chat/HousemateChatCard.tsx"
2025-05-27T16:44:26.153677Z  INFO scan_sources: tailwindcss_oxide::scanner: Discovering "/Users/nathansmith/Desktop/GHS copy 4/golden-homeshare-marketplace/goldenhomesharev1/app/components/chat/HomeownerConversationList.tsx"
2025-05-27T16:44:26.153684Z  INFO scan_sources: tailwindcss_oxide::scanner: Discovering "/Users/nathansmith/Desktop/GHS copy 4/golden-homeshare-marketplace/goldenhomesharev1/app/components/chat/ProfileChatModal.tsx"
2025-05-27T16:44:26.153692Z  INFO scan_sources: tailwindcss_oxide::scanner: Discovering "/Users/nathansmith/Desktop/GHS copy 4/golden-homeshare-marketplace/goldenhomesharev1/app/components/chat/MessageHostButton.tsx"
2025-05-27T16:44:26.153699Z  INFO scan_sources: tailwindcss_oxide::scanner: Discovering "/Users/nathansmith/Desktop/GHS copy 4/golden-homeshare-marketplace/goldenhomesharev1/app/components/chat/HomeownerChatCard.tsx"
2025-05-27T16:44:26.153706Z  INFO scan_sources: tailwindcss_oxide::scanner: Discovering "/Users/nathansmith/Desktop/GHS copy 4/golden-homeshare-marketplace/goldenhomesharev1/app/components/chat/HomeownerChatButton.tsx"
2025-05-27T16:44:26.153714Z  INFO scan_sources: tailwindcss_oxide::scanner: Discovering "/Users/nathansmith/Desktop/GHS copy 4/golden-homeshare-marketplace/goldenhomesharev1/app/components/chat/HousemateChatButton.tsx"
2025-05-27T16:44:26.153721Z  INFO scan_sources: tailwindcss_oxide::scanner: Discovering "/Users/nathansmith/Desktop/GHS copy 4/golden-homeshare-marketplace/goldenhomesharev1/app/components/chat/HousemateConversationList.tsx"
2025-05-27T16:44:26.153728Z  INFO scan_sources: tailwindcss_oxide::scanner: Discovering "/Users/nathansmith/Desktop/GHS copy 4/golden-homeshare-marketplace/goldenhomesharev1/app/components/chat/MobileMessagingView.tsx"
2025-05-27T16:44:26.153742Z  INFO scan_sources: tailwindcss_oxide::scanner: Discovering "/Users/nathansmith/Desktop/GHS copy 4/golden-homeshare-marketplace/goldenhomesharev1/app/components/chat/index.ts"
2025-05-27T16:44:26.153750Z  INFO scan_sources: tailwindcss_oxide::scanner: Discovering "/Users/nathansmith/Desktop/GHS copy 4/golden-homeshare-marketplace/goldenhomesharev1/app/components/chat/ChatModal.tsx"
2025-05-27T16:44:26.153759Z  INFO scan_sources: tailwindcss_oxide::scanner: Discovering "/Users/nathansmith/Desktop/GHS copy 4/golden-homeshare-marketplace/goldenhomesharev1/app/components/HousemateCard.tsx"
2025-05-27T16:44:26.153766Z  INFO scan_sources: tailwindcss_oxide::scanner: Discovering "/Users/nathansmith/Desktop/GHS copy 4/golden-homeshare-marketplace/goldenhomesharev1/app/components/UserNav.tsx"
2025-05-27T16:44:26.153773Z  INFO scan_sources: tailwindcss_oxide::scanner: Discovering "/Users/nathansmith/Desktop/GHS copy 4/golden-homeshare-marketplace/goldenhomesharev1/app/components/HousemateProfileCard.tsx"
2025-05-27T16:44:26.153781Z  INFO scan_sources: tailwindcss_oxide::scanner: Discovering "/Users/nathansmith/Desktop/GHS copy 4/golden-homeshare-marketplace/goldenhomesharev1/app/components/ApproximateLocationMap.tsx"
2025-05-27T16:44:26.153792Z  INFO scan_sources: tailwindcss_oxide::scanner: Discovering "/Users/nathansmith/Desktop/GHS copy 4/golden-homeshare-marketplace/goldenhomesharev1/app/components/AirbnbStyleCard.tsx"
2025-05-27T16:44:26.153800Z  INFO scan_sources: tailwindcss_oxide::scanner: Discovering "/Users/nathansmith/Desktop/GHS copy 4/golden-homeshare-marketplace/goldenhomesharev1/app/components/HousemateHorizontalCard.tsx"
2025-05-27T16:44:26.153810Z  INFO scan_sources: tailwindcss_oxide::scanner: Discovering "/Users/nathansmith/Desktop/GHS copy 4/golden-homeshare-marketplace/goldenhomesharev1/app/components/HousemateProfileCardNew.tsx"
2025-05-27T16:44:26.153817Z  INFO scan_sources: tailwindcss_oxide::scanner: Discovering "/Users/nathansmith/Desktop/GHS copy 4/golden-homeshare-marketplace/goldenhomesharev1/app/components/Editor.tsx"
2025-05-27T16:44:26.153824Z  INFO scan_sources: tailwindcss_oxide::scanner: Discovering "/Users/nathansmith/Desktop/GHS copy 4/golden-homeshare-marketplace/goldenhomesharev1/app/components/DeleteProductButton.tsx"
2025-05-27T16:44:26.153831Z  INFO scan_sources: tailwindcss_oxide::scanner: Discovering "/Users/nathansmith/Desktop/GHS copy 4/golden-homeshare-marketplace/goldenhomesharev1/app/components/ProductRow.tsx"
2025-05-27T16:44:26.153839Z  INFO scan_sources: tailwindcss_oxide::scanner: Discovering "/Users/nathansmith/Desktop/GHS copy 4/golden-homeshare-marketplace/goldenhomesharev1/app/components/ProductCard.tsx"
2025-05-27T16:44:26.153846Z  INFO scan_sources: tailwindcss_oxide::scanner: Discovering "/Users/nathansmith/Desktop/GHS copy 4/golden-homeshare-marketplace/goldenhomesharev1/app/components/ProductEmail.tsx"
2025-05-27T16:44:26.153854Z  INFO scan_sources: tailwindcss_oxide::scanner: Discovering "/Users/nathansmith/Desktop/GHS copy 4/golden-homeshare-marketplace/goldenhomesharev1/app/components/MessagesIcon.tsx"
2025-05-27T16:44:26.153861Z  INFO scan_sources: tailwindcss_oxide::scanner: Discovering "/Users/nathansmith/Desktop/GHS copy 4/golden-homeshare-marketplace/goldenhomesharev1/app/components/NavbarLinks.tsx"
2025-05-27T16:44:26.153868Z  INFO scan_sources: tailwindcss_oxide::scanner: Discovering "/Users/nathansmith/Desktop/GHS copy 4/golden-homeshare-marketplace/goldenhomesharev1/app/components/SubmitButtons.tsx"
2025-05-27T16:44:26.153876Z  INFO scan_sources: tailwindcss_oxide::scanner: Discovering "/Users/nathansmith/Desktop/GHS copy 4/golden-homeshare-marketplace/goldenhomesharev1/app/components/NewestProducts.tsx"
2025-05-27T16:44:26.153884Z  INFO scan_sources: tailwindcss_oxide::scanner: Discovering "/Users/nathansmith/Desktop/GHS copy 4/golden-homeshare-marketplace/goldenhomesharev1/app/components/ListingsMap.tsx"
2025-05-27T16:44:26.153891Z  INFO scan_sources: tailwindcss_oxide::scanner: Discovering "/Users/nathansmith/Desktop/GHS copy 4/golden-homeshare-marketplace/goldenhomesharev1/app/components/ContactHousemateModal.tsx"
2025-05-27T16:44:26.153901Z  INFO scan_sources: tailwindcss_oxide::scanner: Discovering "/Users/nathansmith/Desktop/GHS copy 4/golden-homeshare-marketplace/goldenhomesharev1/app/components/AirbnbStyleRow.tsx"
2025-05-27T16:44:26.153908Z  INFO scan_sources: tailwindcss_oxide::scanner: Discovering "/Users/nathansmith/Desktop/GHS copy 4/golden-homeshare-marketplace/goldenhomesharev1/app/components/AddressMap.tsx"
2025-05-27T16:44:26.153915Z  INFO scan_sources: tailwindcss_oxide::scanner: Discovering "/Users/nathansmith/Desktop/GHS copy 4/golden-homeshare-marketplace/goldenhomesharev1/app/components/SelectCategory.tsx"
2025-05-27T16:44:26.153922Z  INFO scan_sources: tailwindcss_oxide::scanner: Discovering "/Users/nathansmith/Desktop/GHS copy 4/golden-homeshare-marketplace/goldenhomesharev1/app/components/MobileMenu.tsx"
2025-05-27T16:44:26.153933Z  INFO scan_sources: tailwindcss_oxide::scanner: Discovering "/Users/nathansmith/Desktop/GHS copy 4/golden-homeshare-marketplace/goldenhomesharev1/app/components/AddressAutocomplete.tsx"
2025-05-27T16:44:26.153951Z  INFO scan_sources: tailwindcss_oxide::scanner: Discovering "/Users/nathansmith/Desktop/GHS copy 4/golden-homeshare-marketplace/goldenhomesharev1/app/profile"
2025-05-27T16:44:26.153972Z  INFO scan_sources: tailwindcss_oxide::scanner: Discovering "/Users/nathansmith/Desktop/GHS copy 4/golden-homeshare-marketplace/goldenhomesharev1/app/profile/[id]"
2025-05-27T16:44:26.153996Z  INFO scan_sources: tailwindcss_oxide::scanner: Discovering "/Users/nathansmith/Desktop/GHS copy 4/golden-homeshare-marketplace/goldenhomesharev1/app/profile/[id]/components"
2025-05-27T16:44:26.154018Z  INFO scan_sources: tailwindcss_oxide::scanner: Discovering "/Users/nathansmith/Desktop/GHS copy 4/golden-homeshare-marketplace/goldenhomesharev1/app/profile/[id]/components/ProfileNavigation.tsx"
2025-05-27T16:44:26.154029Z  INFO scan_sources: tailwindcss_oxide::scanner: Discovering "/Users/nathansmith/Desktop/GHS copy 4/golden-homeshare-marketplace/goldenhomesharev1/app/profile/[id]/page.tsx"
2025-05-27T16:44:26.154042Z  INFO scan_sources: tailwindcss_oxide::scanner: Discovering "/Users/nathansmith/Desktop/GHS copy 4/golden-homeshare-marketplace/goldenhomesharev1/app/actions.ts"
2025-05-27T16:44:26.154063Z  INFO scan_sources: tailwindcss_oxide::scanner: Discovering "/Users/nathansmith/Desktop/GHS copy 4/golden-homeshare-marketplace/goldenhomesharev1/app/my-products"
2025-05-27T16:44:26.154078Z  INFO scan_sources: tailwindcss_oxide::scanner: Discovering "/Users/nathansmith/Desktop/GHS copy 4/golden-homeshare-marketplace/goldenhomesharev1/app/my-products/loading.tsx"
2025-05-27T16:44:26.154086Z  INFO scan_sources: tailwindcss_oxide::scanner: Discovering "/Users/nathansmith/Desktop/GHS copy 4/golden-homeshare-marketplace/goldenhomesharev1/app/my-products/page.tsx"
2025-05-27T16:44:26.154107Z  INFO scan_sources: tailwindcss_oxide::scanner: Discovering "/Users/nathansmith/Desktop/GHS copy 4/golden-homeshare-marketplace/goldenhomesharev1/app/list"
2025-05-27T16:44:26.154122Z  INFO scan_sources: tailwindcss_oxide::scanner: Discovering "/Users/nathansmith/Desktop/GHS copy 4/golden-homeshare-marketplace/goldenhomesharev1/app/list/page.tsx"
2025-05-27T16:44:26.154131Z  INFO scan_sources: tailwindcss_oxide::scanner: Discovering "/Users/nathansmith/Desktop/GHS copy 4/golden-homeshare-marketplace/goldenhomesharev1/app/layout.tsx"
2025-05-27T16:44:26.154150Z  INFO scan_sources: tailwindcss_oxide::scanner: Discovering "/Users/nathansmith/Desktop/GHS copy 4/golden-homeshare-marketplace/goldenhomesharev1/app/actions"
2025-05-27T16:44:26.154166Z  INFO scan_sources: tailwindcss_oxide::scanner: Discovering "/Users/nathansmith/Desktop/GHS copy 4/golden-homeshare-marketplace/goldenhomesharev1/app/actions/profile-actions.ts"
2025-05-27T16:44:26.154186Z  INFO scan_sources: tailwindcss_oxide::scanner: Discovering "/Users/nathansmith/Desktop/GHS copy 4/golden-homeshare-marketplace/goldenhomesharev1/app/lib"
2025-05-27T16:44:26.154207Z  INFO scan_sources: tailwindcss_oxide::scanner: Discovering "/Users/nathansmith/Desktop/GHS copy 4/golden-homeshare-marketplace/goldenhomesharev1/app/lib/stripe.ts"
2025-05-27T16:44:26.154220Z  INFO scan_sources: tailwindcss_oxide::scanner: Discovering "/Users/nathansmith/Desktop/GHS copy 4/golden-homeshare-marketplace/goldenhomesharev1/app/lib/uploadthing.tsx"
2025-05-27T16:44:26.154228Z  INFO scan_sources: tailwindcss_oxide::scanner: Discovering "/Users/nathansmith/Desktop/GHS copy 4/golden-homeshare-marketplace/goldenhomesharev1/app/lib/categoryitems.tsx"
2025-05-27T16:44:26.154236Z  INFO scan_sources: tailwindcss_oxide::scanner: Discovering "/Users/nathansmith/Desktop/GHS copy 4/golden-homeshare-marketplace/goldenhomesharev1/app/lib/address-utils.ts"
2025-05-27T16:44:26.154244Z  INFO scan_sources: tailwindcss_oxide::scanner: Discovering "/Users/nathansmith/Desktop/GHS copy 4/golden-homeshare-marketplace/goldenhomesharev1/app/lib/zipCodeUtils.ts"
2025-05-27T16:44:26.154251Z  INFO scan_sources: tailwindcss_oxide::scanner: Discovering "/Users/nathansmith/Desktop/GHS copy 4/golden-homeshare-marketplace/goldenhomesharev1/app/lib/db.ts"
2025-05-27T16:44:26.154266Z  INFO scan_sources: tailwindcss_oxide::scanner: Discovering "/Users/nathansmith/Desktop/GHS copy 4/golden-homeshare-marketplace/goldenhomesharev1/app/api"
2025-05-27T16:44:26.154292Z  INFO scan_sources: tailwindcss_oxide::scanner: Discovering "/Users/nathansmith/Desktop/GHS copy 4/golden-homeshare-marketplace/goldenhomesharev1/app/api/messages"
2025-05-27T16:44:26.154312Z  INFO scan_sources: tailwindcss_oxide::scanner: Discovering "/Users/nathansmith/Desktop/GHS copy 4/golden-homeshare-marketplace/goldenhomesharev1/app/api/messages/mark-read"
2025-05-27T16:44:26.154326Z  INFO scan_sources: tailwindcss_oxide::scanner: Discovering "/Users/nathansmith/Desktop/GHS copy 4/golden-homeshare-marketplace/goldenhomesharev1/app/api/messages/mark-read/route.ts"
2025-05-27T16:44:26.154345Z  INFO scan_sources: tailwindcss_oxide::scanner: Discovering "/Users/nathansmith/Desktop/GHS copy 4/golden-homeshare-marketplace/goldenhomesharev1/app/api/messages/unread-count"
2025-05-27T16:44:26.154360Z  INFO scan_sources: tailwindcss_oxide::scanner: Discovering "/Users/nathansmith/Desktop/GHS copy 4/golden-homeshare-marketplace/goldenhomesharev1/app/api/messages/unread-count/route.ts"
2025-05-27T16:44:26.154375Z  INFO scan_sources: tailwindcss_oxide::scanner: Discovering "/Users/nathansmith/Desktop/GHS copy 4/golden-homeshare-marketplace/goldenhomesharev1/app/api/products"
2025-05-27T16:44:26.154389Z  INFO scan_sources: tailwindcss_oxide::scanner: Discovering "/Users/nathansmith/Desktop/GHS copy 4/golden-homeshare-marketplace/goldenhomesharev1/app/api/products/route.ts"
2025-05-27T16:44:26.154403Z  INFO scan_sources: tailwindcss_oxide::scanner: Discovering "/Users/nathansmith/Desktop/GHS copy 4/golden-homeshare-marketplace/goldenhomesharev1/app/api/chat"
2025-05-27T16:44:26.154425Z  INFO scan_sources: tailwindcss_oxide::scanner: Discovering "/Users/nathansmith/Desktop/GHS copy 4/golden-homeshare-marketplace/goldenhomesharev1/app/api/chat/room"
2025-05-27T16:44:26.154439Z  INFO scan_sources: tailwindcss_oxide::scanner: Discovering "/Users/nathansmith/Desktop/GHS copy 4/golden-homeshare-marketplace/goldenhomesharev1/app/api/chat/room/route.ts"
2025-05-27T16:44:26.154465Z  INFO scan_sources: tailwindcss_oxide::scanner: Discovering "/Users/nathansmith/Desktop/GHS copy 4/golden-homeshare-marketplace/goldenhomesharev1/app/api/chat/delete"
2025-05-27T16:44:26.154480Z  INFO scan_sources: tailwindcss_oxide::scanner: Discovering "/Users/nathansmith/Desktop/GHS copy 4/golden-homeshare-marketplace/goldenhomesharev1/app/api/chat/delete/route.ts"
2025-05-27T16:44:26.154495Z  INFO scan_sources: tailwindcss_oxide::scanner: Discovering "/Users/nathansmith/Desktop/GHS copy 4/golden-homeshare-marketplace/goldenhomesharev1/app/api/chat/profile-room"
2025-05-27T16:44:26.154508Z  INFO scan_sources: tailwindcss_oxide::scanner: Discovering "/Users/nathansmith/Desktop/GHS copy 4/golden-homeshare-marketplace/goldenhomesharev1/app/api/chat/profile-room/route.ts"
2025-05-27T16:44:26.154530Z  INFO scan_sources: tailwindcss_oxide::scanner: Discovering "/Users/nathansmith/Desktop/GHS copy 4/golden-homeshare-marketplace/goldenhomesharev1/app/api/chat/toggle-hidden"
2025-05-27T16:44:26.154544Z  INFO scan_sources: tailwindcss_oxide::scanner: Discovering "/Users/nathansmith/Desktop/GHS copy 4/golden-homeshare-marketplace/goldenhomesharev1/app/api/chat/toggle-hidden/route.ts"
2025-05-27T16:44:26.154559Z  INFO scan_sources: tailwindcss_oxide::scanner: Discovering "/Users/nathansmith/Desktop/GHS copy 4/golden-homeshare-marketplace/goldenhomesharev1/app/api/chat/send"
2025-05-27T16:44:26.154573Z  INFO scan_sources: tailwindcss_oxide::scanner: Discovering "/Users/nathansmith/Desktop/GHS copy 4/golden-homeshare-marketplace/goldenhomesharev1/app/api/chat/send/route.ts"
2025-05-27T16:44:26.154596Z  INFO scan_sources: tailwindcss_oxide::scanner: Discovering "/Users/nathansmith/Desktop/GHS copy 4/golden-homeshare-marketplace/goldenhomesharev1/app/api/chat/send-profile-message"
2025-05-27T16:44:26.154611Z  INFO scan_sources: tailwindcss_oxide::scanner: Discovering "/Users/nathansmith/Desktop/GHS copy 4/golden-homeshare-marketplace/goldenhomesharev1/app/api/chat/send-profile-message/route.ts"
2025-05-27T16:44:26.154625Z  INFO scan_sources: tailwindcss_oxide::scanner: Discovering "/Users/nathansmith/Desktop/GHS copy 4/golden-homeshare-marketplace/goldenhomesharev1/app/api/auth"
2025-05-27T16:44:26.154645Z  INFO scan_sources: tailwindcss_oxide::scanner: Discovering "/Users/nathansmith/Desktop/GHS copy 4/golden-homeshare-marketplace/goldenhomesharev1/app/api/auth/[kindeAuth]"
2025-05-27T16:44:26.154658Z  INFO scan_sources: tailwindcss_oxide::scanner: Discovering "/Users/nathansmith/Desktop/GHS copy 4/golden-homeshare-marketplace/goldenhomesharev1/app/api/auth/[kindeAuth]/route.ts"
2025-05-27T16:44:26.154672Z  INFO scan_sources: tailwindcss_oxide::scanner: Discovering "/Users/nathansmith/Desktop/GHS copy 4/golden-homeshare-marketplace/goldenhomesharev1/app/api/auth/user"
2025-05-27T16:44:26.154684Z  INFO scan_sources: tailwindcss_oxide::scanner: Discovering "/Users/nathansmith/Desktop/GHS copy 4/golden-homeshare-marketplace/goldenhomesharev1/app/api/auth/user/route.ts"
2025-05-27T16:44:26.154698Z  INFO scan_sources: tailwindcss_oxide::scanner: Discovering "/Users/nathansmith/Desktop/GHS copy 4/golden-homeshare-marketplace/goldenhomesharev1/app/api/auth/creation"
2025-05-27T16:44:26.154711Z  INFO scan_sources: tailwindcss_oxide::scanner: Discovering "/Users/nathansmith/Desktop/GHS copy 4/golden-homeshare-marketplace/goldenhomesharev1/app/api/auth/creation/route.ts"
2025-05-27T16:44:26.154725Z  INFO scan_sources: tailwindcss_oxide::scanner: Discovering "/Users/nathansmith/Desktop/GHS copy 4/golden-homeshare-marketplace/goldenhomesharev1/app/api/uploadthing"
2025-05-27T16:44:26.154739Z  INFO scan_sources: tailwindcss_oxide::scanner: Discovering "/Users/nathansmith/Desktop/GHS copy 4/golden-homeshare-marketplace/goldenhomesharev1/app/api/uploadthing/core.ts"
2025-05-27T16:44:26.154746Z  INFO scan_sources: tailwindcss_oxide::scanner: Discovering "/Users/nathansmith/Desktop/GHS copy 4/golden-homeshare-marketplace/goldenhomesharev1/app/api/uploadthing/route.ts"
2025-05-27T16:44:26.154777Z  INFO scan_sources: tailwindcss_oxide::scanner: Discovering "/Users/nathansmith/Desktop/GHS copy 4/golden-homeshare-marketplace/goldenhomesharev1/app/api/admin"
2025-05-27T16:44:26.154796Z  INFO scan_sources: tailwindcss_oxide::scanner: Discovering "/Users/nathansmith/Desktop/GHS copy 4/golden-homeshare-marketplace/goldenhomesharev1/app/api/admin/cleanup"
2025-05-27T16:44:26.154809Z  INFO scan_sources: tailwindcss_oxide::scanner: Discovering "/Users/nathansmith/Desktop/GHS copy 4/golden-homeshare-marketplace/goldenhomesharev1/app/api/admin/cleanup/route.ts"
2025-05-27T16:44:26.154824Z  INFO scan_sources: tailwindcss_oxide::scanner: Discovering "/Users/nathansmith/Desktop/GHS copy 4/golden-homeshare-marketplace/goldenhomesharev1/app/api/user"
2025-05-27T16:44:26.154846Z  INFO scan_sources: tailwindcss_oxide::scanner: Discovering "/Users/nathansmith/Desktop/GHS copy 4/golden-homeshare-marketplace/goldenhomesharev1/app/api/user/delete"
2025-05-27T16:44:26.154859Z  INFO scan_sources: tailwindcss_oxide::scanner: Discovering "/Users/nathansmith/Desktop/GHS copy 4/golden-homeshare-marketplace/goldenhomesharev1/app/api/user/delete/route.ts"
2025-05-27T16:44:26.154882Z  INFO scan_sources: tailwindcss_oxide::scanner: Discovering "/Users/nathansmith/Desktop/GHS copy 4/golden-homeshare-marketplace/goldenhomesharev1/app/api/product"
2025-05-27T16:44:26.154903Z  INFO scan_sources: tailwindcss_oxide::scanner: Discovering "/Users/nathansmith/Desktop/GHS copy 4/golden-homeshare-marketplace/goldenhomesharev1/app/api/product/delete"
2025-05-27T16:44:26.154916Z  INFO scan_sources: tailwindcss_oxide::scanner: Discovering "/Users/nathansmith/Desktop/GHS copy 4/golden-homeshare-marketplace/goldenhomesharev1/app/api/product/delete/route.ts"
2025-05-27T16:44:26.154934Z  INFO scan_sources: tailwindcss_oxide::scanner: Discovering "/Users/nathansmith/Desktop/GHS copy 4/golden-homeshare-marketplace/goldenhomesharev1/app/api/stripe"
2025-05-27T16:44:26.154948Z  INFO scan_sources: tailwindcss_oxide::scanner: Discovering "/Users/nathansmith/Desktop/GHS copy 4/golden-homeshare-marketplace/goldenhomesharev1/app/api/stripe/route.ts"
2025-05-27T16:44:26.154963Z  INFO scan_sources: tailwindcss_oxide::scanner: Discovering "/Users/nathansmith/Desktop/GHS copy 4/golden-homeshare-marketplace/goldenhomesharev1/app/api/stripe/connect"
2025-05-27T16:44:26.154977Z  INFO scan_sources: tailwindcss_oxide::scanner: Discovering "/Users/nathansmith/Desktop/GHS copy 4/golden-homeshare-marketplace/goldenhomesharev1/app/api/stripe/connect/route.ts"
2025-05-27T16:44:26.154995Z  INFO scan_sources: tailwindcss_oxide::scanner: Discovering "/Users/nathansmith/Desktop/GHS copy 4/golden-homeshare-marketplace/goldenhomesharev1/app/housemate"
2025-05-27T16:44:26.155015Z  INFO scan_sources: tailwindcss_oxide::scanner: Discovering "/Users/nathansmith/Desktop/GHS copy 4/golden-homeshare-marketplace/goldenhomesharev1/app/housemate/messages"
2025-05-27T16:44:26.155029Z  INFO scan_sources: tailwindcss_oxide::scanner: Discovering "/Users/nathansmith/Desktop/GHS copy 4/golden-homeshare-marketplace/goldenhomesharev1/app/housemate/messages/page.tsx"
2025-05-27T16:44:26.155048Z  INFO scan_sources: tailwindcss_oxide::scanner: Discovering "/Users/nathansmith/Desktop/GHS copy 4/golden-homeshare-marketplace/goldenhomesharev1/app/housemate/dashboard"
2025-05-27T16:44:26.155061Z  INFO scan_sources: tailwindcss_oxide::scanner: Discovering "/Users/nathansmith/Desktop/GHS copy 4/golden-homeshare-marketplace/goldenhomesharev1/app/housemate/dashboard/page.tsx"
2025-05-27T16:44:26.155075Z  INFO scan_sources: tailwindcss_oxide::scanner: Discovering "/Users/nathansmith/Desktop/GHS copy 4/golden-homeshare-marketplace/goldenhomesharev1/app/housemate/profile"
2025-05-27T16:44:26.155094Z  INFO scan_sources: tailwindcss_oxide::scanner: Discovering "/Users/nathansmith/Desktop/GHS copy 4/golden-homeshare-marketplace/goldenhomesharev1/app/housemate/profile/edit"
2025-05-27T16:44:26.155114Z  INFO scan_sources: tailwindcss_oxide::scanner: Discovering "/Users/nathansmith/Desktop/GHS copy 4/golden-homeshare-marketplace/goldenhomesharev1/app/housemate/profile/edit/components"
2025-05-27T16:44:26.155131Z  INFO scan_sources: tailwindcss_oxide::scanner: Discovering "/Users/nathansmith/Desktop/GHS copy 4/golden-homeshare-marketplace/goldenhomesharev1/app/housemate/profile/edit/components/HousemateProfileEditForm.tsx"
2025-05-27T16:44:26.155139Z  INFO scan_sources: tailwindcss_oxide::scanner: Discovering "/Users/nathansmith/Desktop/GHS copy 4/golden-homeshare-marketplace/goldenhomesharev1/app/housemate/profile/edit/page.tsx"
2025-05-27T16:44:26.155154Z  INFO scan_sources: tailwindcss_oxide::scanner: Discovering "/Users/nathansmith/Desktop/GHS copy 4/golden-homeshare-marketplace/goldenhomesharev1/app/housemate/signup-wizard"
2025-05-27T16:44:26.155175Z  INFO scan_sources: tailwindcss_oxide::scanner: Discovering "/Users/nathansmith/Desktop/GHS copy 4/golden-homeshare-marketplace/goldenhomesharev1/app/housemate/signup-wizard/components"
2025-05-27T16:44:26.155201Z  INFO scan_sources: tailwindcss_oxide::scanner: Discovering "/Users/nathansmith/Desktop/GHS copy 4/golden-homeshare-marketplace/goldenhomesharev1/app/housemate/signup-wizard/components/steps"
2025-05-27T16:44:26.155225Z  INFO scan_sources: tailwindcss_oxide::scanner: Discovering "/Users/nathansmith/Desktop/GHS copy 4/golden-homeshare-marketplace/goldenhomesharev1/app/housemate/signup-wizard/components/steps/BioStep.tsx"
2025-05-27T16:44:26.155234Z  INFO scan_sources: tailwindcss_oxide::scanner: Discovering "/Users/nathansmith/Desktop/GHS copy 4/golden-homeshare-marketplace/goldenhomesharev1/app/housemate/signup-wizard/components/steps/EducationOccupationStep.tsx"
2025-05-27T16:44:26.155242Z  INFO scan_sources: tailwindcss_oxide::scanner: Discovering "/Users/nathansmith/Desktop/GHS copy 4/golden-homeshare-marketplace/goldenhomesharev1/app/housemate/signup-wizard/components/steps/LifestylePreferencesStep.tsx"
2025-05-27T16:44:26.155249Z  INFO scan_sources: tailwindcss_oxide::scanner: Discovering "/Users/nathansmith/Desktop/GHS copy 4/golden-homeshare-marketplace/goldenhomesharev1/app/housemate/signup-wizard/components/steps/ProfilePictureStep.tsx"
2025-05-27T16:44:26.155257Z  INFO scan_sources: tailwindcss_oxide::scanner: Discovering "/Users/nathansmith/Desktop/GHS copy 4/golden-homeshare-marketplace/goldenhomesharev1/app/housemate/signup-wizard/components/steps/LocationStep.tsx"
2025-05-27T16:44:26.155265Z  INFO scan_sources: tailwindcss_oxide::scanner: Discovering "/Users/nathansmith/Desktop/GHS copy 4/golden-homeshare-marketplace/goldenhomesharev1/app/housemate/signup-wizard/components/steps/BudgetStep.tsx"
2025-05-27T16:44:26.155273Z  INFO scan_sources: tailwindcss_oxide::scanner: Discovering "/Users/nathansmith/Desktop/GHS copy 4/golden-homeshare-marketplace/goldenhomesharev1/app/housemate/signup-wizard/components/steps/MatchPreferencesStep.tsx"
2025-05-27T16:44:26.155281Z  INFO scan_sources: tailwindcss_oxide::scanner: Discovering "/Users/nathansmith/Desktop/GHS copy 4/golden-homeshare-marketplace/goldenhomesharev1/app/housemate/signup-wizard/components/steps/PersonalInfoStep.tsx"
2025-05-27T16:44:26.155290Z  INFO scan_sources: tailwindcss_oxide::scanner: Discovering "/Users/nathansmith/Desktop/GHS copy 4/golden-homeshare-marketplace/goldenhomesharev1/app/housemate/signup-wizard/components/HousemateSignupWizard.tsx"
2025-05-27T16:44:26.155299Z  INFO scan_sources: tailwindcss_oxide::scanner: Discovering "/Users/nathansmith/Desktop/GHS copy 4/golden-homeshare-marketplace/goldenhomesharev1/app/housemate/signup-wizard/page.tsx"
2025-05-27T16:44:26.155309Z  INFO scan_sources: tailwindcss_oxide::scanner: Discovering "/Users/nathansmith/Desktop/GHS copy 4/golden-homeshare-marketplace/goldenhomesharev1/app/page.tsx"
2025-05-27T16:44:26.155315Z  INFO scan_sources: tailwindcss_oxide::scanner: Discovering "/Users/nathansmith/Desktop/GHS copy 4/golden-homeshare-marketplace/goldenhomesharev1/app/globals.css"
2025-05-27T16:44:26.155329Z  INFO scan_sources: tailwindcss_oxide::scanner: Discovering "/Users/nathansmith/Desktop/GHS copy 4/golden-homeshare-marketplace/goldenhomesharev1/app/billing"
2025-05-27T16:44:26.155342Z  INFO scan_sources: tailwindcss_oxide::scanner: Discovering "/Users/nathansmith/Desktop/GHS copy 4/golden-homeshare-marketplace/goldenhomesharev1/app/billing/page.tsx"
2025-05-27T16:44:26.155357Z  INFO scan_sources: tailwindcss_oxide::scanner: Discovering "/Users/nathansmith/Desktop/GHS copy 4/golden-homeshare-marketplace/goldenhomesharev1/app/onboarding"
2025-05-27T16:44:26.155377Z  INFO scan_sources: tailwindcss_oxide::scanner: Discovering "/Users/nathansmith/Desktop/GHS copy 4/golden-homeshare-marketplace/goldenhomesharev1/app/onboarding/components"
2025-05-27T16:44:26.155390Z  INFO scan_sources: tailwindcss_oxide::scanner: Discovering "/Users/nathansmith/Desktop/GHS copy 4/golden-homeshare-marketplace/goldenhomesharev1/app/onboarding/components/OnboardingForm.tsx"
2025-05-27T16:44:26.155401Z  INFO scan_sources: tailwindcss_oxide::scanner: Discovering "/Users/nathansmith/Desktop/GHS copy 4/golden-homeshare-marketplace/goldenhomesharev1/app/onboarding/actions.ts"
2025-05-27T16:44:26.155408Z  INFO scan_sources: tailwindcss_oxide::scanner: Discovering "/Users/nathansmith/Desktop/GHS copy 4/golden-homeshare-marketplace/goldenhomesharev1/app/onboarding/page.tsx"
2025-05-27T16:44:26.155418Z  INFO scan_sources: tailwindcss_oxide::scanner: Discovering "/Users/nathansmith/Desktop/GHS copy 4/golden-homeshare-marketplace/goldenhomesharev1/postcss.config.mjs"
2025-05-27T16:44:26.155449Z  INFO scan_sources: tailwindcss_oxide::scanner: Discovering "/Users/nathansmith/Desktop/GHS copy 4/golden-homeshare-marketplace/goldenhomesharev1/prisma"
2025-05-27T16:44:26.155468Z  INFO scan_sources: tailwindcss_oxide::scanner: Discovering "/Users/nathansmith/Desktop/GHS copy 4/golden-homeshare-marketplace/goldenhomesharev1/prisma/migrations"
2025-05-27T16:44:26.155490Z  INFO scan_sources: tailwindcss_oxide::scanner: Discovering "/Users/nathansmith/Desktop/GHS copy 4/golden-homeshare-marketplace/goldenhomesharev1/prisma/migrations/migration_lock.toml"
2025-05-27T16:44:26.155505Z  INFO scan_sources: tailwindcss_oxide::scanner: Discovering "/Users/nathansmith/Desktop/GHS copy 4/golden-homeshare-marketplace/goldenhomesharev1/prisma/migrations/20250522165354_added_house_rules"
2025-05-27T16:44:26.155522Z  INFO scan_sources: tailwindcss_oxide::scanner: Discovering "/Users/nathansmith/Desktop/GHS copy 4/golden-homeshare-marketplace/goldenhomesharev1/prisma/migrations/20250522165354_added_house_rules/migration.sql"
2025-05-27T16:44:26.155537Z  INFO scan_sources: tailwindcss_oxide::scanner: Discovering "/Users/nathansmith/Desktop/GHS copy 4/golden-homeshare-marketplace/goldenhomesharev1/prisma/migrations/20250526211907_add_hide_conversation_fields"
2025-05-27T16:44:26.155553Z  INFO scan_sources: tailwindcss_oxide::scanner: Discovering "/Users/nathansmith/Desktop/GHS copy 4/golden-homeshare-marketplace/goldenhomesharev1/prisma/migrations/20250526211907_add_hide_conversation_fields/migration.sql"
2025-05-27T16:44:26.155568Z  INFO scan_sources: tailwindcss_oxide::scanner: Discovering "/Users/nathansmith/Desktop/GHS copy 4/golden-homeshare-marketplace/goldenhomesharev1/prisma/migrations/20250525121403_make_productid_optional_for_profile_chats"
2025-05-27T16:44:26.155583Z  INFO scan_sources: tailwindcss_oxide::scanner: Discovering "/Users/nathansmith/Desktop/GHS copy 4/golden-homeshare-marketplace/goldenhomesharev1/prisma/migrations/20250525121403_make_productid_optional_for_profile_chats/migration.sql"
2025-05-27T16:44:26.155599Z  INFO scan_sources: tailwindcss_oxide::scanner: Discovering "/Users/nathansmith/Desktop/GHS copy 4/golden-homeshare-marketplace/goldenhomesharev1/prisma/migrations/20250524184657_add_address_to_product"
2025-05-27T16:44:26.155613Z  INFO scan_sources: tailwindcss_oxide::scanner: Discovering "/Users/nathansmith/Desktop/GHS copy 4/golden-homeshare-marketplace/goldenhomesharev1/prisma/migrations/20250524184657_add_address_to_product/migration.sql"
2025-05-27T16:44:26.155628Z  INFO scan_sources: tailwindcss_oxide::scanner: Discovering "/Users/nathansmith/Desktop/GHS copy 4/golden-homeshare-marketplace/goldenhomesharev1/prisma/migrations/20250525174737_add_cascade_delete_homeowner_chatroom"
2025-05-27T16:44:26.155643Z  INFO scan_sources: tailwindcss_oxide::scanner: Discovering "/Users/nathansmith/Desktop/GHS copy 4/golden-homeshare-marketplace/goldenhomesharev1/prisma/migrations/20250525174737_add_cascade_delete_homeowner_chatroom/migration.sql"
2025-05-27T16:44:26.155658Z  INFO scan_sources: tailwindcss_oxide::scanner: Discovering "/Users/nathansmith/Desktop/GHS copy 4/golden-homeshare-marketplace/goldenhomesharev1/prisma/migrations/20250523153036_add_multi_tenant_support"
2025-05-27T16:44:26.155672Z  INFO scan_sources: tailwindcss_oxide::scanner: Discovering "/Users/nathansmith/Desktop/GHS copy 4/golden-homeshare-marketplace/goldenhomesharev1/prisma/migrations/20250523153036_add_multi_tenant_support/migration.sql"
2025-05-27T16:44:26.155689Z  INFO scan_sources: tailwindcss_oxide::scanner: Discovering "/Users/nathansmith/Desktop/GHS copy 4/golden-homeshare-marketplace/goldenhomesharev1/prisma/migrations/20250526222845_add_message_cascade_deletes"
2025-05-27T16:44:26.155704Z  INFO scan_sources: tailwindcss_oxide::scanner: Discovering "/Users/nathansmith/Desktop/GHS copy 4/golden-homeshare-marketplace/goldenhomesharev1/prisma/migrations/20250526222845_add_message_cascade_deletes/migration.sql"
2025-05-27T16:44:26.155718Z  INFO scan_sources: tailwindcss_oxide::scanner: Discovering "/Users/nathansmith/Desktop/GHS copy 4/golden-homeshare-marketplace/goldenhomesharev1/prisma/migrations/20250524184210_add_cascade_deletes"
2025-05-27T16:44:26.155732Z  INFO scan_sources: tailwindcss_oxide::scanner: Discovering "/Users/nathansmith/Desktop/GHS copy 4/golden-homeshare-marketplace/goldenhomesharev1/prisma/migrations/20250524184210_add_cascade_deletes/migration.sql"
2025-05-27T16:44:26.155747Z  INFO scan_sources: tailwindcss_oxide::scanner: Discovering "/Users/nathansmith/Desktop/GHS copy 4/golden-homeshare-marketplace/goldenhomesharev1/prisma/migrations/20250525174915_add_cascade_delete_all_user_relations"
2025-05-27T16:44:26.155761Z  INFO scan_sources: tailwindcss_oxide::scanner: Discovering "/Users/nathansmith/Desktop/GHS copy 4/golden-homeshare-marketplace/goldenhomesharev1/prisma/migrations/20250525174915_add_cascade_delete_all_user_relations/migration.sql"
2025-05-27T16:44:26.155777Z  INFO scan_sources: tailwindcss_oxide::scanner: Discovering "/Users/nathansmith/Desktop/GHS copy 4/golden-homeshare-marketplace/goldenhomesharev1/prisma/migrations/20250525171753_add_can_help_with_to_housemate_profile"
2025-05-27T16:44:26.155791Z  INFO scan_sources: tailwindcss_oxide::scanner: Discovering "/Users/nathansmith/Desktop/GHS copy 4/golden-homeshare-marketplace/goldenhomesharev1/prisma/migrations/20250525171753_add_can_help_with_to_housemate_profile/migration.sql"
2025-05-27T16:44:26.155806Z  INFO scan_sources: tailwindcss_oxide::scanner: Discovering "/Users/nathansmith/Desktop/GHS copy 4/golden-homeshare-marketplace/goldenhomesharev1/prisma/migrations/20250524170313_add_profile_preferences"
2025-05-27T16:44:26.155820Z  INFO scan_sources: tailwindcss_oxide::scanner: Discovering "/Users/nathansmith/Desktop/GHS copy 4/golden-homeshare-marketplace/goldenhomesharev1/prisma/migrations/20250524170313_add_profile_preferences/migration.sql"
2025-05-27T16:44:26.155840Z  INFO scan_sources: tailwindcss_oxide::scanner: Discovering "/Users/nathansmith/Desktop/GHS copy 4/golden-homeshare-marketplace/goldenhomesharev1/prisma/migrations/20250524134949_add_chat_system"
2025-05-27T16:44:26.155854Z  INFO scan_sources: tailwindcss_oxide::scanner: Discovering "/Users/nathansmith/Desktop/GHS copy 4/golden-homeshare-marketplace/goldenhomesharev1/prisma/migrations/20250524134949_add_chat_system/migration.sql"
2025-05-27T16:44:26.155868Z  INFO scan_sources: tailwindcss_oxide::scanner: Discovering "/Users/nathansmith/Desktop/GHS copy 4/golden-homeshare-marketplace/goldenhomesharev1/prisma/migrations/20250526221232_add_cascade_deletes"
2025-05-27T16:44:26.155882Z  INFO scan_sources: tailwindcss_oxide::scanner: Discovering "/Users/nathansmith/Desktop/GHS copy 4/golden-homeshare-marketplace/goldenhomesharev1/prisma/migrations/20250526221232_add_cascade_deletes/migration.sql"
2025-05-27T16:44:26.155896Z  INFO scan_sources: tailwindcss_oxide::scanner: Discovering "/Users/nathansmith/Desktop/GHS copy 4/golden-homeshare-marketplace/goldenhomesharev1/prisma/migrations/20250523154200_add_multi_tenant"
2025-05-27T16:44:26.155910Z  INFO scan_sources: tailwindcss_oxide::scanner: Discovering "/Users/nathansmith/Desktop/GHS copy 4/golden-homeshare-marketplace/goldenhomesharev1/prisma/migrations/20250523154200_add_multi_tenant/migration.sql"
2025-05-27T16:44:26.155920Z  INFO scan_sources: tailwindcss_oxide::scanner: Discovering "/Users/nathansmith/Desktop/GHS copy 4/golden-homeshare-marketplace/goldenhomesharev1/prisma/schema.prisma"
2025-05-27T16:44:26.155938Z  INFO scan_sources: tailwindcss_oxide::scanner: Discovering "/Users/nathansmith/Desktop/GHS copy 4/golden-homeshare-marketplace/goldenhomesharev1/docs"
2025-05-27T16:44:26.155953Z  INFO scan_sources: tailwindcss_oxide::scanner: Discovering "/Users/nathansmith/Desktop/GHS copy 4/golden-homeshare-marketplace/goldenhomesharev1/docs/database-deletions.md"
2025-05-27T16:44:26.155982Z  INFO scan_sources: tailwindcss_oxide::scanner: Discovering "/Users/nathansmith/Desktop/GHS copy 4/golden-homeshare-marketplace/goldenhomesharev1/README.md"
2025-05-27T16:44:26.156000Z  INFO scan_sources: tailwindcss_oxide::scanner: Discovering "/Users/nathansmith/Desktop/GHS copy 4/golden-homeshare-marketplace/goldenhomesharev1/components"
2025-05-27T16:44:26.156020Z  INFO scan_sources: tailwindcss_oxide::scanner: Discovering "/Users/nathansmith/Desktop/GHS copy 4/golden-homeshare-marketplace/goldenhomesharev1/components/ui"
2025-05-27T16:44:26.156038Z  INFO scan_sources: tailwindcss_oxide::scanner: Discovering "/Users/nathansmith/Desktop/GHS copy 4/golden-homeshare-marketplace/goldenhomesharev1/components/ui/card.tsx"
2025-05-27T16:44:26.156045Z  INFO scan_sources: tailwindcss_oxide::scanner: Discovering "/Users/nathansmith/Desktop/GHS copy 4/golden-homeshare-marketplace/goldenhomesharev1/components/ui/progress.tsx"
2025-05-27T16:44:26.156056Z  INFO scan_sources: tailwindcss_oxide::scanner: Discovering "/Users/nathansmith/Desktop/GHS copy 4/golden-homeshare-marketplace/goldenhomesharev1/components/ui/sheet.tsx"
2025-05-27T16:44:26.156063Z  INFO scan_sources: tailwindcss_oxide::scanner: Discovering "/Users/nathansmith/Desktop/GHS copy 4/golden-homeshare-marketplace/goldenhomesharev1/components/ui/scroll-area.tsx"
2025-05-27T16:44:26.156070Z  INFO scan_sources: tailwindcss_oxide::scanner: Discovering "/Users/nathansmith/Desktop/GHS copy 4/golden-homeshare-marketplace/goldenhomesharev1/components/ui/label.tsx"
2025-05-27T16:44:26.156077Z  INFO scan_sources: tailwindcss_oxide::scanner: Discovering "/Users/nathansmith/Desktop/GHS copy 4/golden-homeshare-marketplace/goldenhomesharev1/components/ui/sonner.tsx"
2025-05-27T16:44:26.156084Z  INFO scan_sources: tailwindcss_oxide::scanner: Discovering "/Users/nathansmith/Desktop/GHS copy 4/golden-homeshare-marketplace/goldenhomesharev1/components/ui/avatar.tsx"
2025-05-27T16:44:26.156092Z  INFO scan_sources: tailwindcss_oxide::scanner: Discovering "/Users/nathansmith/Desktop/GHS copy 4/golden-homeshare-marketplace/goldenhomesharev1/components/ui/dialog.tsx"
2025-05-27T16:44:26.156098Z  INFO scan_sources: tailwindcss_oxide::scanner: Discovering "/Users/nathansmith/Desktop/GHS copy 4/golden-homeshare-marketplace/goldenhomesharev1/components/ui/badge.tsx"
2025-05-27T16:44:26.156106Z  INFO scan_sources: tailwindcss_oxide::scanner: Discovering "/Users/nathansmith/Desktop/GHS copy 4/golden-homeshare-marketplace/goldenhomesharev1/components/ui/button.tsx"
2025-05-27T16:44:26.156113Z  INFO scan_sources: tailwindcss_oxide::scanner: Discovering "/Users/nathansmith/Desktop/GHS copy 4/golden-homeshare-marketplace/goldenhomesharev1/components/ui/dropdown-menu.tsx"
2025-05-27T16:44:26.156120Z  INFO scan_sources: tailwindcss_oxide::scanner: Discovering "/Users/nathansmith/Desktop/GHS copy 4/golden-homeshare-marketplace/goldenhomesharev1/components/ui/textarea.tsx"
2025-05-27T16:44:26.156127Z  INFO scan_sources: tailwindcss_oxide::scanner: Discovering "/Users/nathansmith/Desktop/GHS copy 4/golden-homeshare-marketplace/goldenhomesharev1/components/ui/input.tsx"
2025-05-27T16:44:26.156134Z  INFO scan_sources: tailwindcss_oxide::scanner: Discovering "/Users/nathansmith/Desktop/GHS copy 4/golden-homeshare-marketplace/goldenhomesharev1/components/ui/skeleton.tsx"
2025-05-27T16:44:26.156141Z  INFO scan_sources: tailwindcss_oxide::scanner: Discovering "/Users/nathansmith/Desktop/GHS copy 4/golden-homeshare-marketplace/goldenhomesharev1/components/ui/carousel.tsx"
2025-05-27T16:44:26.156149Z  INFO scan_sources: tailwindcss_oxide::scanner: Discovering "/Users/nathansmith/Desktop/GHS copy 4/golden-homeshare-marketplace/goldenhomesharev1/components/realtime-chat.tsx"
2025-05-27T16:44:26.156158Z  INFO scan_sources: tailwindcss_oxide::scanner: Discovering "/Users/nathansmith/Desktop/GHS copy 4/golden-homeshare-marketplace/goldenhomesharev1/components/chat-message.tsx"
2025-05-27T16:44:26.156172Z  INFO scan_sources: tailwindcss_oxide::scanner: Discovering "/Users/nathansmith/Desktop/GHS copy 4/golden-homeshare-marketplace/goldenhomesharev1/public"
2025-05-27T16:44:26.156191Z  INFO scan_sources: tailwindcss_oxide::scanner: Discovering "/Users/nathansmith/Desktop/GHS copy 4/golden-homeshare-marketplace/goldenhomesharev1/public/file.svg"
2025-05-27T16:44:26.156203Z  INFO scan_sources: tailwindcss_oxide::scanner: Discovering "/Users/nathansmith/Desktop/GHS copy 4/golden-homeshare-marketplace/goldenhomesharev1/public/placeholder-house.svg"
2025-05-27T16:44:26.156212Z  INFO scan_sources: tailwindcss_oxide::scanner: Discovering "/Users/nathansmith/Desktop/GHS copy 4/golden-homeshare-marketplace/goldenhomesharev1/public/vercel.svg"
2025-05-27T16:44:26.156220Z  INFO scan_sources: tailwindcss_oxide::scanner: Discovering "/Users/nathansmith/Desktop/GHS copy 4/golden-homeshare-marketplace/goldenhomesharev1/public/next.svg"
2025-05-27T16:44:26.156228Z  INFO scan_sources: tailwindcss_oxide::scanner: Discovering "/Users/nathansmith/Desktop/GHS copy 4/golden-homeshare-marketplace/goldenhomesharev1/public/globe.svg"
2025-05-27T16:44:26.156235Z  INFO scan_sources: tailwindcss_oxide::scanner: Discovering "/Users/nathansmith/Desktop/GHS copy 4/golden-homeshare-marketplace/goldenhomesharev1/public/window.svg"
2025-05-27T16:44:26.156254Z  INFO scan_sources: tailwindcss_oxide::scanner: Discovering "/Users/nathansmith/Desktop/GHS copy 4/golden-homeshare-marketplace/goldenhomesharev1/package.json"
2025-05-27T16:44:26.156269Z  INFO scan_sources: tailwindcss_oxide::scanner: Discovering "/Users/nathansmith/Desktop/GHS copy 4/golden-homeshare-marketplace/goldenhomesharev1/hooks"
2025-05-27T16:44:26.156282Z  INFO scan_sources: tailwindcss_oxide::scanner: Discovering "/Users/nathansmith/Desktop/GHS copy 4/golden-homeshare-marketplace/goldenhomesharev1/hooks/use-chat-scroll.tsx"
2025-05-27T16:44:26.156290Z  INFO scan_sources: tailwindcss_oxide::scanner: Discovering "/Users/nathansmith/Desktop/GHS copy 4/golden-homeshare-marketplace/goldenhomesharev1/hooks/use-realtime-chat.tsx"
2025-05-27T16:44:26.156308Z  INFO scan_sources: tailwindcss_oxide::scanner: Discovering "/Users/nathansmith/Desktop/GHS copy 4/golden-homeshare-marketplace/goldenhomesharev1/scripts"
2025-05-27T16:44:26.156323Z  INFO scan_sources: tailwindcss_oxide::scanner: Discovering "/Users/nathansmith/Desktop/GHS copy 4/golden-homeshare-marketplace/goldenhomesharev1/scripts/test-deletions.ts"
2025-05-27T16:44:26.156337Z  INFO scan_sources: tailwindcss_oxide::scanner: Discovering "/Users/nathansmith/Desktop/GHS copy 4/golden-homeshare-marketplace/goldenhomesharev1/lib"
2025-05-27T16:44:26.156357Z  INFO scan_sources: tailwindcss_oxide::scanner: Discovering "/Users/nathansmith/Desktop/GHS copy 4/golden-homeshare-marketplace/goldenhomesharev1/lib/generated"
2025-05-27T16:44:26.156377Z  INFO scan_sources: tailwindcss_oxide::scanner: Discovering "/Users/nathansmith/Desktop/GHS copy 4/golden-homeshare-marketplace/goldenhomesharev1/lib/generated/prisma"
2025-05-27T16:44:26.156396Z  INFO scan_sources: tailwindcss_oxide::scanner: Discovering "/Users/nathansmith/Desktop/GHS copy 4/golden-homeshare-marketplace/goldenhomesharev1/lib/generated/prisma/client.js"
2025-05-27T16:44:26.156404Z  INFO scan_sources: tailwindcss_oxide::scanner: Discovering "/Users/nathansmith/Desktop/GHS copy 4/golden-homeshare-marketplace/goldenhomesharev1/lib/generated/prisma/edge.d.ts"
2025-05-27T16:44:26.156411Z  INFO scan_sources: tailwindcss_oxide::scanner: Discovering "/Users/nathansmith/Desktop/GHS copy 4/golden-homeshare-marketplace/goldenhomesharev1/lib/generated/prisma/schema.prisma"
2025-05-27T16:44:26.156418Z  INFO scan_sources: tailwindcss_oxide::scanner: Discovering "/Users/nathansmith/Desktop/GHS copy 4/golden-homeshare-marketplace/goldenhomesharev1/lib/generated/prisma/wasm.d.ts"
2025-05-27T16:44:26.156433Z  INFO scan_sources: tailwindcss_oxide::scanner: Discovering "/Users/nathansmith/Desktop/GHS copy 4/golden-homeshare-marketplace/goldenhomesharev1/lib/generated/prisma/runtime"
2025-05-27T16:44:26.156449Z  INFO scan_sources: tailwindcss_oxide::scanner: Discovering "/Users/nathansmith/Desktop/GHS copy 4/golden-homeshare-marketplace/goldenhomesharev1/lib/generated/prisma/runtime/library.js"
2025-05-27T16:44:26.156457Z  INFO scan_sources: tailwindcss_oxide::scanner: Discovering "/Users/nathansmith/Desktop/GHS copy 4/golden-homeshare-marketplace/goldenhomesharev1/lib/generated/prisma/runtime/edge.js"
2025-05-27T16:44:26.156465Z  INFO scan_sources: tailwindcss_oxide::scanner: Discovering "/Users/nathansmith/Desktop/GHS copy 4/golden-homeshare-marketplace/goldenhomesharev1/lib/generated/prisma/runtime/index-browser.js"
2025-05-27T16:44:26.156472Z  INFO scan_sources: tailwindcss_oxide::scanner: Discovering "/Users/nathansmith/Desktop/GHS copy 4/golden-homeshare-marketplace/goldenhomesharev1/lib/generated/prisma/runtime/library.d.ts"
2025-05-27T16:44:26.156480Z  INFO scan_sources: tailwindcss_oxide::scanner: Discovering "/Users/nathansmith/Desktop/GHS copy 4/golden-homeshare-marketplace/goldenhomesharev1/lib/generated/prisma/runtime/index-browser.d.ts"
2025-05-27T16:44:26.156487Z  INFO scan_sources: tailwindcss_oxide::scanner: Discovering "/Users/nathansmith/Desktop/GHS copy 4/golden-homeshare-marketplace/goldenhomesharev1/lib/generated/prisma/runtime/wasm.js"
2025-05-27T16:44:26.156494Z  INFO scan_sources: tailwindcss_oxide::scanner: Discovering "/Users/nathansmith/Desktop/GHS copy 4/golden-homeshare-marketplace/goldenhomesharev1/lib/generated/prisma/runtime/edge-esm.js"
2025-05-27T16:44:26.156501Z  INFO scan_sources: tailwindcss_oxide::scanner: Discovering "/Users/nathansmith/Desktop/GHS copy 4/golden-homeshare-marketplace/goldenhomesharev1/lib/generated/prisma/runtime/react-native.js"
2025-05-27T16:44:26.156510Z  INFO scan_sources: tailwindcss_oxide::scanner: Discovering "/Users/nathansmith/Desktop/GHS copy 4/golden-homeshare-marketplace/goldenhomesharev1/lib/generated/prisma/index.js"
2025-05-27T16:44:26.156517Z  INFO scan_sources: tailwindcss_oxide::scanner: Discovering "/Users/nathansmith/Desktop/GHS copy 4/golden-homeshare-marketplace/goldenhomesharev1/lib/generated/prisma/edge.js"
2025-05-27T16:44:26.156524Z  INFO scan_sources: tailwindcss_oxide::scanner: Discovering "/Users/nathansmith/Desktop/GHS copy 4/golden-homeshare-marketplace/goldenhomesharev1/lib/generated/prisma/index-browser.js"
2025-05-27T16:44:26.156532Z  INFO scan_sources: tailwindcss_oxide::scanner: Discovering "/Users/nathansmith/Desktop/GHS copy 4/golden-homeshare-marketplace/goldenhomesharev1/lib/generated/prisma/package.json"
2025-05-27T16:44:26.156541Z  INFO scan_sources: tailwindcss_oxide::scanner: Discovering "/Users/nathansmith/Desktop/GHS copy 4/golden-homeshare-marketplace/goldenhomesharev1/lib/generated/prisma/wasm.js"
2025-05-27T16:44:26.156548Z  INFO scan_sources: tailwindcss_oxide::scanner: Discovering "/Users/nathansmith/Desktop/GHS copy 4/golden-homeshare-marketplace/goldenhomesharev1/lib/generated/prisma/default.js"
2025-05-27T16:44:26.156555Z  INFO scan_sources: tailwindcss_oxide::scanner: Discovering "/Users/nathansmith/Desktop/GHS copy 4/golden-homeshare-marketplace/goldenhomesharev1/lib/generated/prisma/index.d.ts"
2025-05-27T16:44:26.156562Z  INFO scan_sources: tailwindcss_oxide::scanner: Discovering "/Users/nathansmith/Desktop/GHS copy 4/golden-homeshare-marketplace/goldenhomesharev1/lib/generated/prisma/default.d.ts"
2025-05-27T16:44:26.156569Z  INFO scan_sources: tailwindcss_oxide::scanner: Discovering "/Users/nathansmith/Desktop/GHS copy 4/golden-homeshare-marketplace/goldenhomesharev1/lib/generated/prisma/client.d.ts"
2025-05-27T16:44:26.156578Z  INFO scan_sources: tailwindcss_oxide::scanner: Discovering "/Users/nathansmith/Desktop/GHS copy 4/golden-homeshare-marketplace/goldenhomesharev1/lib/database-utils.ts"
2025-05-27T16:44:26.156587Z  INFO scan_sources: tailwindcss_oxide::scanner: Discovering "/Users/nathansmith/Desktop/GHS copy 4/golden-homeshare-marketplace/goldenhomesharev1/lib/utils.ts"
2025-05-27T16:44:26.156594Z  INFO scan_sources: tailwindcss_oxide::scanner: Discovering "/Users/nathansmith/Desktop/GHS copy 4/golden-homeshare-marketplace/goldenhomesharev1/lib/age-utils.ts"
2025-05-27T16:44:26.156607Z  INFO scan_sources: tailwindcss_oxide::scanner: Discovering "/Users/nathansmith/Desktop/GHS copy 4/golden-homeshare-marketplace/goldenhomesharev1/lib/supabase"
2025-05-27T16:44:26.156620Z  INFO scan_sources: tailwindcss_oxide::scanner: Discovering "/Users/nathansmith/Desktop/GHS copy 4/golden-homeshare-marketplace/goldenhomesharev1/lib/supabase/middleware.ts"
2025-05-27T16:44:26.156627Z  INFO scan_sources: tailwindcss_oxide::scanner: Discovering "/Users/nathansmith/Desktop/GHS copy 4/golden-homeshare-marketplace/goldenhomesharev1/lib/supabase/client.ts"
2025-05-27T16:44:26.156634Z  INFO scan_sources: tailwindcss_oxide::scanner: Discovering "/Users/nathansmith/Desktop/GHS copy 4/golden-homeshare-marketplace/goldenhomesharev1/lib/supabase/server.ts"
2025-05-27T16:44:26.156642Z  INFO scan_sources: tailwindcss_oxide::scanner: Discovering "/Users/nathansmith/Desktop/GHS copy 4/golden-homeshare-marketplace/goldenhomesharev1/lib/auth.ts"
2025-05-27T16:44:26.156650Z  INFO scan_sources: tailwindcss_oxide::scanner: Discovering "/Users/nathansmith/Desktop/GHS copy 4/golden-homeshare-marketplace/goldenhomesharev1/components.json"
2025-05-27T16:44:26.156657Z  INFO scan_sources: tailwindcss_oxide::scanner: Discovering "/Users/nathansmith/Desktop/GHS copy 4/golden-homeshare-marketplace/goldenhomesharev1/tsconfig.json"
2025-05-27T16:44:26.156677Z  INFO scan_sources: tailwindcss_oxide::scanner: Discovering "/Users/nathansmith/Desktop/GHS copy 4/golden-homeshare-marketplace/goldenhomesharev1/eslint.config.mjs"
2025-05-27T16:44:26.156684Z  INFO scan_sources: tailwindcss_oxide::scanner: Discovering "/Users/nathansmith/Desktop/GHS copy 4/golden-homeshare-marketplace/goldenhomesharev1/.eslintrc.json"
2025-05-27T16:44:26.156692Z  INFO scan_sources: tailwindcss_oxide::scanner: Discovering "/Users/nathansmith/Desktop/GHS copy 4/golden-homeshare-marketplace/goldenhomesharev1/next.config.ts"
2025-05-27T16:44:26.156934Z  INFO scan_sources: tailwindcss_oxide::scanner: Discovering "/Users/nathansmith/Desktop/GHS copy 4/golden-homeshare-marketplace/goldenhomesharev1/node_modules/@uploadthing/react/dist/button-client-BLNyMUF0.js"
2025-05-27T16:44:26.156944Z  INFO scan_sources: tailwindcss_oxide::scanner: Discovering "/Users/nathansmith/Desktop/GHS copy 4/golden-homeshare-marketplace/goldenhomesharev1/node_modules/@uploadthing/react/dist/dropzone-client-veu9GOWx.js"
2025-05-27T16:44:26.156952Z  INFO scan_sources: tailwindcss_oxide::scanner: Discovering "/Users/nathansmith/Desktop/GHS copy 4/golden-homeshare-marketplace/goldenhomesharev1/node_modules/@uploadthing/react/dist/uploader-client-BJ5fn8fN.js"
2025-05-27T16:44:26.156961Z  INFO scan_sources: tailwindcss_oxide::scanner: Discovering "/Users/nathansmith/Desktop/GHS copy 4/golden-homeshare-marketplace/goldenhomesharev1/node_modules/@uploadthing/react/dist/dropzone-client-BBWKHkOM.cjs"
2025-05-27T16:44:26.156969Z  INFO scan_sources: tailwindcss_oxide::scanner: Discovering "/Users/nathansmith/Desktop/GHS copy 4/golden-homeshare-marketplace/goldenhomesharev1/node_modules/@uploadthing/react/dist/index.d.cts"
2025-05-27T16:44:26.156977Z  INFO scan_sources: tailwindcss_oxide::scanner: Discovering "/Users/nathansmith/Desktop/GHS copy 4/golden-homeshare-marketplace/goldenhomesharev1/node_modules/@uploadthing/react/dist/button-client-BT9iC-PN.cjs"
2025-05-27T16:44:26.156984Z  INFO scan_sources: tailwindcss_oxide::scanner: Discovering "/Users/nathansmith/Desktop/GHS copy 4/golden-homeshare-marketplace/goldenhomesharev1/node_modules/@uploadthing/react/dist/index.js"
2025-05-27T16:44:26.156992Z  INFO scan_sources: tailwindcss_oxide::scanner: Discovering "/Users/nathansmith/Desktop/GHS copy 4/golden-homeshare-marketplace/goldenhomesharev1/node_modules/@uploadthing/react/dist/index.css"
2025-05-27T16:44:26.157003Z  INFO scan_sources: tailwindcss_oxide::scanner: Discovering "/Users/nathansmith/Desktop/GHS copy 4/golden-homeshare-marketplace/goldenhomesharev1/node_modules/@uploadthing/react/dist/index.cjs"
2025-05-27T16:44:26.157010Z  INFO scan_sources: tailwindcss_oxide::scanner: Discovering "/Users/nathansmith/Desktop/GHS copy 4/golden-homeshare-marketplace/goldenhomesharev1/node_modules/@uploadthing/react/dist/uploader-client-B6AA8czz.cjs"
2025-05-27T16:44:26.157018Z  INFO scan_sources: tailwindcss_oxide::scanner: Discovering "/Users/nathansmith/Desktop/GHS copy 4/golden-homeshare-marketplace/goldenhomesharev1/node_modules/@uploadthing/react/dist/index.d.ts"
2025-05-27T16:44:26.157048Z  INFO scan_sources: tailwindcss_oxide::scanner: exit
2025-05-27T16:44:26.157051Z  INFO extract_candidates: tailwindcss_oxide::scanner: enter
2025-05-27T16:44:26.157054Z  INFO extract_candidates:read_all_files: tailwindcss_oxide::scanner: enter
2025-05-27T16:44:26.157055Z  INFO extract_candidates:read_all_files: tailwindcss_oxide::scanner: Reading 216 file(s)
2025-05-27T16:44:26.157203Z  INFO tailwindcss_oxide::scanner: Reading "/Users/nathansmith/Desktop/GHS copy 4/golden-homeshare-marketplace/goldenhomesharev1/components/chat-message.tsx"
2025-05-27T16:44:26.157219Z  INFO tailwindcss_oxide::scanner: Reading "/Users/nathansmith/Desktop/GHS copy 4/golden-homeshare-marketplace/goldenhomesharev1/app/housemate/messages/page.tsx"
2025-05-27T16:44:26.157238Z  INFO tailwindcss_oxide::scanner: Reading "/Users/nathansmith/Desktop/GHS copy 4/golden-homeshare-marketplace/goldenhomesharev1/public/file.svg"
2025-05-27T16:44:26.157242Z  INFO tailwindcss_oxide::scanner: Reading "/Users/nathansmith/Desktop/GHS copy 4/golden-homeshare-marketplace/goldenhomesharev1/CHAT_FEATURE_README.md"
2025-05-27T16:44:26.157256Z  INFO tailwindcss_oxide::scanner: Reading "/Users/nathansmith/Desktop/GHS copy 4/golden-homeshare-marketplace/goldenhomesharev1/public/placeholder-house.svg"
2025-05-27T16:44:26.157257Z  INFO tailwindcss_oxide::scanner: Reading "/Users/nathansmith/Desktop/GHS copy 4/golden-homeshare-marketplace/goldenhomesharev1/app/layout.tsx"
2025-05-27T16:44:26.157260Z  INFO tailwindcss_oxide::scanner: Reading "/Users/nathansmith/Desktop/GHS copy 4/golden-homeshare-marketplace/goldenhomesharev1/app/housemate/dashboard/page.tsx"
2025-05-27T16:44:26.157274Z  INFO tailwindcss_oxide::scanner: Reading "/Users/nathansmith/Desktop/GHS copy 4/golden-homeshare-marketplace/goldenhomesharev1/.cursor/rules/techContext.md"
2025-05-27T16:44:26.157219Z  INFO tailwindcss_oxide::scanner: Reading "/Users/nathansmith/Desktop/GHS copy 4/golden-homeshare-marketplace/goldenhomesharev1/prisma/migrations/20250526222845_add_message_cascade_deletes/migration.sql"
2025-05-27T16:44:26.157272Z  INFO tailwindcss_oxide::scanner: Reading "/Users/nathansmith/Desktop/GHS copy 4/golden-homeshare-marketplace/goldenhomesharev1/app/housemate/profile/edit/page.tsx"
2025-05-27T16:44:26.157298Z  INFO tailwindcss_oxide::scanner: Reading "/Users/nathansmith/Desktop/GHS copy 4/golden-homeshare-marketplace/goldenhomesharev1/.cursor/rules/frontend_guidelines_document.md"
2025-05-27T16:44:26.157302Z  INFO tailwindcss_oxide::scanner: Reading "/Users/nathansmith/Desktop/GHS copy 4/golden-homeshare-marketplace/goldenhomesharev1/app/housemate/profile/edit/components/HousemateProfileEditForm.tsx"
2025-05-27T16:44:26.157277Z  INFO tailwindcss_oxide::scanner: Reading "/Users/nathansmith/Desktop/GHS copy 4/golden-homeshare-marketplace/goldenhomesharev1/public/vercel.svg"
2025-05-27T16:44:26.157314Z  INFO tailwindcss_oxide::scanner: Reading "/Users/nathansmith/Desktop/GHS copy 4/golden-homeshare-marketplace/goldenhomesharev1/app/housemate/signup-wizard/components/steps/BioStep.tsx"
2025-05-27T16:44:26.157319Z  INFO tailwindcss_oxide::scanner: Reading "/Users/nathansmith/Desktop/GHS copy 4/golden-homeshare-marketplace/goldenhomesharev1/.cursor/rules/activeContext.md"
2025-05-27T16:44:26.157322Z  INFO tailwindcss_oxide::scanner: Reading "/Users/nathansmith/Desktop/GHS copy 4/golden-homeshare-marketplace/goldenhomesharev1/app/components/HousemateProfileCard.tsx"
2025-05-27T16:44:26.157338Z  INFO tailwindcss_oxide::scanner: Reading "/Users/nathansmith/Desktop/GHS copy 4/golden-homeshare-marketplace/goldenhomesharev1/app/housemate/signup-wizard/components/steps/EducationOccupationStep.tsx"
2025-05-27T16:44:26.157242Z  INFO tailwindcss_oxide::scanner: Reading "/Users/nathansmith/Desktop/GHS copy 4/golden-homeshare-marketplace/goldenhomesharev1/lib/generated/prisma/wasm.js"
2025-05-27T16:44:26.157349Z  INFO tailwindcss_oxide::scanner: Reading "/Users/nathansmith/Desktop/GHS copy 4/golden-homeshare-marketplace/goldenhomesharev1/tsconfig.json"
2025-05-27T16:44:26.157301Z  INFO tailwindcss_oxide::scanner: Reading "/Users/nathansmith/Desktop/GHS copy 4/golden-homeshare-marketplace/goldenhomesharev1/prisma/migrations/20250524184210_add_cascade_deletes/migration.sql"
2025-05-27T16:44:26.157359Z  INFO tailwindcss_oxide::scanner: Reading "/Users/nathansmith/Desktop/GHS copy 4/golden-homeshare-marketplace/goldenhomesharev1/lib/generated/prisma/schema.prisma"
2025-05-27T16:44:26.157363Z  INFO tailwindcss_oxide::scanner: Reading "/Users/nathansmith/Desktop/GHS copy 4/golden-homeshare-marketplace/goldenhomesharev1/lib/generated/prisma/default.js"
2025-05-27T16:44:26.157302Z  INFO tailwindcss_oxide::scanner: Reading "/Users/nathansmith/Desktop/GHS copy 4/golden-homeshare-marketplace/goldenhomesharev1/app/actions/profile-actions.ts"
2025-05-27T16:44:26.157350Z  INFO tailwindcss_oxide::scanner: Reading "/Users/nathansmith/Desktop/GHS copy 4/golden-homeshare-marketplace/goldenhomesharev1/app/housemate/signup-wizard/page.tsx"
2025-05-27T16:44:26.157381Z  INFO tailwindcss_oxide::scanner: Reading "/Users/nathansmith/Desktop/GHS copy 4/golden-homeshare-marketplace/goldenhomesharev1/app/housemate/signup-wizard/components/steps/LifestylePreferencesStep.tsx"
2025-05-27T16:44:26.157388Z  INFO tailwindcss_oxide::scanner: Reading "/Users/nathansmith/Desktop/GHS copy 4/golden-homeshare-marketplace/goldenhomesharev1/app/lib/stripe.ts"
2025-05-27T16:44:26.157333Z  INFO tailwindcss_oxide::scanner: Reading "/Users/nathansmith/Desktop/GHS copy 4/golden-homeshare-marketplace/goldenhomesharev1/app/api/chat/profile-room/route.ts"
2025-05-27T16:44:26.157340Z  INFO tailwindcss_oxide::scanner: Reading "/Users/nathansmith/Desktop/GHS copy 4/golden-homeshare-marketplace/goldenhomesharev1/.cursor/rules/memorybank.md"
2025-05-27T16:44:26.157371Z  INFO tailwindcss_oxide::scanner: Reading "/Users/nathansmith/Desktop/GHS copy 4/golden-homeshare-marketplace/goldenhomesharev1/eslint.config.mjs"
2025-05-27T16:44:26.157416Z  INFO tailwindcss_oxide::scanner: Reading "/Users/nathansmith/Desktop/GHS copy 4/golden-homeshare-marketplace/goldenhomesharev1/app/api/chat/toggle-hidden/route.ts"
2025-05-27T16:44:26.157421Z  INFO tailwindcss_oxide::scanner: Reading "/Users/nathansmith/Desktop/GHS copy 4/golden-homeshare-marketplace/goldenhomesharev1/.cursor/rules/project_requirements_document.md"
2025-05-27T16:44:26.157376Z  INFO tailwindcss_oxide::scanner: Reading "/Users/nathansmith/Desktop/GHS copy 4/golden-homeshare-marketplace/goldenhomesharev1/lib/generated/prisma/wasm.d.ts"
2025-05-27T16:44:26.157432Z  INFO tailwindcss_oxide::scanner: Reading "/Users/nathansmith/Desktop/GHS copy 4/golden-homeshare-marketplace/goldenhomesharev1/.eslintrc.json"
2025-05-27T16:44:26.157438Z  INFO tailwindcss_oxide::scanner: Reading "/Users/nathansmith/Desktop/GHS copy 4/golden-homeshare-marketplace/goldenhomesharev1/app/api/chat/send/route.ts"
2025-05-27T16:44:26.157395Z  INFO tailwindcss_oxide::scanner: Reading "/Users/nathansmith/Desktop/GHS copy 4/golden-homeshare-marketplace/goldenhomesharev1/app/page.tsx"
2025-05-27T16:44:26.157452Z  INFO tailwindcss_oxide::scanner: Reading "/Users/nathansmith/Desktop/GHS copy 4/golden-homeshare-marketplace/goldenhomesharev1/next.config.ts"
2025-05-27T16:44:26.157417Z  INFO tailwindcss_oxide::scanner: Reading "/Users/nathansmith/Desktop/GHS copy 4/golden-homeshare-marketplace/goldenhomesharev1/app/lib/uploadthing.tsx"
2025-05-27T16:44:26.157464Z  INFO tailwindcss_oxide::scanner: Reading "/Users/nathansmith/Desktop/GHS copy 4/golden-homeshare-marketplace/goldenhomesharev1/app/billing/page.tsx"
2025-05-27T16:44:26.157352Z  INFO tailwindcss_oxide::scanner: Reading "/Users/nathansmith/Desktop/GHS copy 4/golden-homeshare-marketplace/goldenhomesharev1/app/components/ApproximateLocationMap.tsx"
2025-05-27T16:44:26.157479Z  INFO tailwindcss_oxide::scanner: Reading "/Users/nathansmith/Desktop/GHS copy 4/golden-homeshare-marketplace/goldenhomesharev1/node_modules/@uploadthing/react/dist/button-client-BLNyMUF0.js"
2025-05-27T16:44:26.157390Z  INFO tailwindcss_oxide::scanner: Reading "/Users/nathansmith/Desktop/GHS copy 4/golden-homeshare-marketplace/goldenhomesharev1/lib/generated/prisma/index.d.ts"
2025-05-27T16:44:26.157489Z  INFO tailwindcss_oxide::scanner: Reading "/Users/nathansmith/Desktop/GHS copy 4/golden-homeshare-marketplace/goldenhomesharev1/lib/generated/prisma/runtime/library.js"
2025-05-27T16:44:26.157333Z  INFO tailwindcss_oxide::scanner: Reading "/Users/nathansmith/Desktop/GHS copy 4/golden-homeshare-marketplace/goldenhomesharev1/public/next.svg"
2025-05-27T16:44:26.157502Z  INFO tailwindcss_oxide::scanner: Reading "/Users/nathansmith/Desktop/GHS copy 4/golden-homeshare-marketplace/goldenhomesharev1/lib/generated/prisma/default.d.ts"
2025-05-27T16:44:26.157505Z  INFO tailwindcss_oxide::scanner: Reading "/Users/nathansmith/Desktop/GHS copy 4/golden-homeshare-marketplace/goldenhomesharev1/node_modules/@uploadthing/react/dist/dropzone-client-veu9GOWx.js"
2025-05-27T16:44:26.157513Z  INFO tailwindcss_oxide::scanner: Reading "/Users/nathansmith/Desktop/GHS copy 4/golden-homeshare-marketplace/goldenhomesharev1/public/globe.svg"
2025-05-27T16:44:26.157485Z  INFO tailwindcss_oxide::scanner: Reading "/Users/nathansmith/Desktop/GHS copy 4/golden-homeshare-marketplace/goldenhomesharev1/app/lib/categoryitems.tsx"
2025-05-27T16:44:26.157532Z  INFO tailwindcss_oxide::scanner: Reading "/Users/nathansmith/Desktop/GHS copy 4/golden-homeshare-marketplace/goldenhomesharev1/public/window.svg"
2025-05-27T16:44:26.157536Z  INFO tailwindcss_oxide::scanner: Reading "/Users/nathansmith/Desktop/GHS copy 4/golden-homeshare-marketplace/goldenhomesharev1/node_modules/@uploadthing/react/dist/uploader-client-BJ5fn8fN.js"
2025-05-27T16:44:26.157542Z  INFO tailwindcss_oxide::scanner: Reading "/Users/nathansmith/Desktop/GHS copy 4/golden-homeshare-marketplace/goldenhomesharev1/lib/generated/prisma/runtime/edge.js"
2025-05-27T16:44:26.157463Z  INFO tailwindcss_oxide::scanner: Reading "/Users/nathansmith/Desktop/GHS copy 4/golden-homeshare-marketplace/goldenhomesharev1/app/api/chat/send-profile-message/route.ts"
2025-05-27T16:44:26.157372Z  INFO tailwindcss_oxide::scanner: Reading "/Users/nathansmith/Desktop/GHS copy 4/golden-homeshare-marketplace/goldenhomesharev1/prisma/migrations/20250525174915_add_cascade_delete_all_user_relations/migration.sql"
2025-05-27T16:44:26.157567Z  INFO tailwindcss_oxide::scanner: Reading "/Users/nathansmith/Desktop/GHS copy 4/golden-homeshare-marketplace/goldenhomesharev1/app/api/auth/[kindeAuth]/route.ts"
2025-05-27T16:44:26.157576Z  INFO tailwindcss_oxide::scanner: Reading "/Users/nathansmith/Desktop/GHS copy 4/golden-homeshare-marketplace/goldenhomesharev1/lib/generated/prisma/runtime/index-browser.js"
2025-05-27T16:44:26.157580Z  INFO tailwindcss_oxide::scanner: Reading "/Users/nathansmith/Desktop/GHS copy 4/golden-homeshare-marketplace/goldenhomesharev1/prisma/migrations/20250525171753_add_can_help_with_to_housemate_profile/migration.sql"
2025-05-27T16:44:26.157586Z  INFO tailwindcss_oxide::scanner: Reading "/Users/nathansmith/Desktop/GHS copy 4/golden-homeshare-marketplace/goldenhomesharev1/app/api/auth/user/route.ts"
2025-05-27T16:44:26.157490Z  INFO tailwindcss_oxide::scanner: Reading "/Users/nathansmith/Desktop/GHS copy 4/golden-homeshare-marketplace/goldenhomesharev1/app/components/AirbnbStyleCard.tsx"
2025-05-27T16:44:26.157441Z  INFO tailwindcss_oxide::scanner: Reading "/Users/nathansmith/Desktop/GHS copy 4/golden-homeshare-marketplace/goldenhomesharev1/.cursor/rules/Code_Quality_Guidelines.mdc"
2025-05-27T16:44:26.157604Z  INFO tailwindcss_oxide::scanner: Reading "/Users/nathansmith/Desktop/GHS copy 4/golden-homeshare-marketplace/goldenhomesharev1/app/api/auth/creation/route.ts"
2025-05-27T16:44:26.157610Z  INFO tailwindcss_oxide::scanner: Reading "/Users/nathansmith/Desktop/GHS copy 4/golden-homeshare-marketplace/goldenhomesharev1/app/components/HousemateHorizontalCard.tsx"
2025-05-27T16:44:26.157524Z  INFO tailwindcss_oxide::scanner: Reading "/Users/nathansmith/Desktop/GHS copy 4/golden-homeshare-marketplace/goldenhomesharev1/lib/generated/prisma/client.d.ts"
2025-05-27T16:44:26.157403Z  INFO tailwindcss_oxide::scanner: Reading "/Users/nathansmith/Desktop/GHS copy 4/golden-homeshare-marketplace/goldenhomesharev1/app/housemate/signup-wizard/components/steps/ProfilePictureStep.tsx"
2025-05-27T16:44:26.157627Z  INFO tailwindcss_oxide::scanner: Reading "/Users/nathansmith/Desktop/GHS copy 4/golden-homeshare-marketplace/goldenhomesharev1/app/components/HousemateProfileCardNew.tsx"
2025-05-27T16:44:26.157634Z  INFO tailwindcss_oxide::scanner: Reading "/Users/nathansmith/Desktop/GHS copy 4/golden-homeshare-marketplace/goldenhomesharev1/lib/database-utils.ts"
2025-05-27T16:44:26.157549Z  INFO tailwindcss_oxide::scanner: Reading "/Users/nathansmith/Desktop/GHS copy 4/golden-homeshare-marketplace/goldenhomesharev1/package.json"
2025-05-27T16:44:26.157643Z  INFO tailwindcss_oxide::scanner: Reading "/Users/nathansmith/Desktop/GHS copy 4/golden-homeshare-marketplace/goldenhomesharev1/app/housemate/signup-wizard/components/steps/LocationStep.tsx"
2025-05-27T16:44:26.157616Z  INFO tailwindcss_oxide::scanner: Reading "/Users/nathansmith/Desktop/GHS copy 4/golden-homeshare-marketplace/goldenhomesharev1/.cursor/rules/progress.md"
2025-05-27T16:44:26.157654Z  INFO tailwindcss_oxide::scanner: Reading "/Users/nathansmith/Desktop/GHS copy 4/golden-homeshare-marketplace/goldenhomesharev1/app/components/Editor.tsx"
2025-05-27T16:44:26.157600Z  INFO tailwindcss_oxide::scanner: Reading "/Users/nathansmith/Desktop/GHS copy 4/golden-homeshare-marketplace/goldenhomesharev1/lib/generated/prisma/runtime/library.d.ts"
2025-05-27T16:44:26.157663Z  INFO tailwindcss_oxide::scanner: Reading "/Users/nathansmith/Desktop/GHS copy 4/golden-homeshare-marketplace/goldenhomesharev1/app/housemate/signup-wizard/components/steps/BudgetStep.tsx"
2025-05-27T16:44:26.157603Z  INFO tailwindcss_oxide::scanner: Reading "/Users/nathansmith/Desktop/GHS copy 4/golden-homeshare-marketplace/goldenhomesharev1/prisma/migrations/20250524170313_add_profile_preferences/migration.sql"
2025-05-27T16:44:26.157668Z  INFO tailwindcss_oxide::scanner: Reading "/Users/nathansmith/Desktop/GHS copy 4/golden-homeshare-marketplace/goldenhomesharev1/.cursor/rules/productContext.md"
2025-05-27T16:44:26.157480Z  INFO tailwindcss_oxide::scanner: Reading "/Users/nathansmith/Desktop/GHS copy 4/golden-homeshare-marketplace/goldenhomesharev1/app/onboarding/components/OnboardingForm.tsx"
2025-05-27T16:44:26.157679Z  INFO tailwindcss_oxide::scanner: Reading "/Users/nathansmith/Desktop/GHS copy 4/golden-homeshare-marketplace/goldenhomesharev1/app/housemate/signup-wizard/components/steps/MatchPreferencesStep.tsx"
2025-05-27T16:44:26.157682Z  INFO tailwindcss_oxide::scanner: Reading "/Users/nathansmith/Desktop/GHS copy 4/golden-homeshare-marketplace/goldenhomesharev1/prisma/migrations/20250524134949_add_chat_system/migration.sql"
2025-05-27T16:44:26.157686Z  INFO tailwindcss_oxide::scanner: Reading "/Users/nathansmith/Desktop/GHS copy 4/golden-homeshare-marketplace/goldenhomesharev1/.cursor/rules/Organization Rules.mdc"
2025-05-27T16:44:26.157662Z  INFO tailwindcss_oxide::scanner: Reading "/Users/nathansmith/Desktop/GHS copy 4/golden-homeshare-marketplace/goldenhomesharev1/hooks/use-chat-scroll.tsx"
2025-05-27T16:44:26.157654Z  INFO tailwindcss_oxide::scanner: Reading "/Users/nathansmith/Desktop/GHS copy 4/golden-homeshare-marketplace/goldenhomesharev1/lib/utils.ts"
2025-05-27T16:44:26.157620Z  INFO tailwindcss_oxide::scanner: Reading "/Users/nathansmith/Desktop/GHS copy 4/golden-homeshare-marketplace/goldenhomesharev1/app/api/uploadthing/core.ts"
2025-05-27T16:44:26.157755Z  INFO tailwindcss_oxide::scanner: Reading "/Users/nathansmith/Desktop/GHS copy 4/golden-homeshare-marketplace/goldenhomesharev1/lib/age-utils.ts"
2025-05-27T16:44:26.157692Z  INFO tailwindcss_oxide::scanner: Reading "/Users/nathansmith/Desktop/GHS copy 4/golden-homeshare-marketplace/goldenhomesharev1/app/onboarding/actions.ts"
2025-05-27T16:44:26.157768Z  INFO tailwindcss_oxide::scanner: Reading "/Users/nathansmith/Desktop/GHS copy 4/golden-homeshare-marketplace/goldenhomesharev1/app/api/uploadthing/route.ts"
2025-05-27T16:44:26.157694Z  INFO tailwindcss_oxide::scanner: Reading "/Users/nathansmith/Desktop/GHS copy 4/golden-homeshare-marketplace/goldenhomesharev1/lib/generated/prisma/runtime/index-browser.d.ts"
2025-05-27T16:44:26.157544Z  INFO tailwindcss_oxide::scanner: Reading "/Users/nathansmith/Desktop/GHS copy 4/golden-homeshare-marketplace/goldenhomesharev1/app/lib/address-utils.ts"
2025-05-27T16:44:26.157779Z  INFO tailwindcss_oxide::scanner: Reading "/Users/nathansmith/Desktop/GHS copy 4/golden-homeshare-marketplace/goldenhomesharev1/app/onboarding/page.tsx"
2025-05-27T16:44:26.157702Z  INFO tailwindcss_oxide::scanner: Reading "/Users/nathansmith/Desktop/GHS copy 4/golden-homeshare-marketplace/goldenhomesharev1/.cursor/rules/projectbrief.md"
2025-05-27T16:44:26.157721Z  INFO tailwindcss_oxide::scanner: Reading "/Users/nathansmith/Desktop/GHS copy 4/golden-homeshare-marketplace/goldenhomesharev1/node_modules/@uploadthing/react/dist/dropzone-client-BBWKHkOM.cjs"
2025-05-27T16:44:26.157703Z  INFO tailwindcss_oxide::scanner: Reading "/Users/nathansmith/Desktop/GHS copy 4/golden-homeshare-marketplace/goldenhomesharev1/prisma/migrations/20250526221232_add_cascade_deletes/migration.sql"
2025-05-27T16:44:26.157670Z  INFO tailwindcss_oxide::scanner: Reading "/Users/nathansmith/Desktop/GHS copy 4/golden-homeshare-marketplace/goldenhomesharev1/app/components/DeleteProductButton.tsx"
2025-05-27T16:44:26.157773Z  INFO tailwindcss_oxide::scanner: Reading "/Users/nathansmith/Desktop/GHS copy 4/golden-homeshare-marketplace/goldenhomesharev1/lib/supabase/middleware.ts"
2025-05-27T16:44:26.157698Z  INFO tailwindcss_oxide::scanner: Reading "/Users/nathansmith/Desktop/GHS copy 4/golden-homeshare-marketplace/goldenhomesharev1/app/housemate/signup-wizard/components/steps/PersonalInfoStep.tsx"
2025-05-27T16:44:26.157787Z  INFO tailwindcss_oxide::scanner: Reading "/Users/nathansmith/Desktop/GHS copy 4/golden-homeshare-marketplace/goldenhomesharev1/app/api/admin/cleanup/route.ts"
2025-05-27T16:44:26.157842Z  INFO tailwindcss_oxide::scanner: Reading "/Users/nathansmith/Desktop/GHS copy 4/golden-homeshare-marketplace/goldenhomesharev1/app/components/ProductRow.tsx"
2025-05-27T16:44:26.157798Z  INFO tailwindcss_oxide::scanner: Reading "/Users/nathansmith/Desktop/GHS copy 4/golden-homeshare-marketplace/goldenhomesharev1/postcss.config.mjs"
2025-05-27T16:44:26.157735Z  INFO tailwindcss_oxide::scanner: Reading "/Users/nathansmith/Desktop/GHS copy 4/golden-homeshare-marketplace/goldenhomesharev1/hooks/use-realtime-chat.tsx"
2025-05-27T16:44:26.157852Z  INFO tailwindcss_oxide::scanner: Reading "/Users/nathansmith/Desktop/GHS copy 4/golden-homeshare-marketplace/goldenhomesharev1/app/housemate/signup-wizard/components/HousemateSignupWizard.tsx"
2025-05-27T16:44:26.157805Z  INFO tailwindcss_oxide::scanner: Reading "/Users/nathansmith/Desktop/GHS copy 4/golden-homeshare-marketplace/goldenhomesharev1/app/lib/zipCodeUtils.ts"
2025-05-27T16:44:26.157861Z  INFO tailwindcss_oxide::scanner: Reading "/Users/nathansmith/Desktop/GHS copy 4/golden-homeshare-marketplace/goldenhomesharev1/prisma/migrations/migration_lock.toml"
2025-05-27T16:44:26.157831Z  INFO tailwindcss_oxide::scanner: Reading "/Users/nathansmith/Desktop/GHS copy 4/golden-homeshare-marketplace/goldenhomesharev1/prisma/migrations/20250523154200_add_multi_tenant/migration.sql"
2025-05-27T16:44:26.157807Z  INFO tailwindcss_oxide::scanner: Reading "/Users/nathansmith/Desktop/GHS copy 4/golden-homeshare-marketplace/goldenhomesharev1/.cursor/rules/cursor_project_rules.mdc"
2025-05-27T16:44:26.157854Z  INFO tailwindcss_oxide::scanner: Reading "/Users/nathansmith/Desktop/GHS copy 4/golden-homeshare-marketplace/goldenhomesharev1/app/api/user/delete/route.ts"
2025-05-27T16:44:26.157858Z  INFO tailwindcss_oxide::scanner: Reading "/Users/nathansmith/Desktop/GHS copy 4/golden-homeshare-marketplace/goldenhomesharev1/app/components/ProductCard.tsx"
2025-05-27T16:44:26.157865Z  INFO tailwindcss_oxide::scanner: Reading "/Users/nathansmith/Desktop/GHS copy 4/golden-homeshare-marketplace/goldenhomesharev1/scripts/test-deletions.ts"
2025-05-27T16:44:26.157920Z  INFO tailwindcss_oxide::scanner: Reading "/Users/nathansmith/Desktop/GHS copy 4/golden-homeshare-marketplace/goldenhomesharev1/app/api/product/delete/route.ts"
2025-05-27T16:44:26.157925Z  INFO tailwindcss_oxide::scanner: Reading "/Users/nathansmith/Desktop/GHS copy 4/golden-homeshare-marketplace/goldenhomesharev1/app/components/ProductEmail.tsx"
2025-05-27T16:44:26.157873Z  INFO tailwindcss_oxide::scanner: Reading "/Users/nathansmith/Desktop/GHS copy 4/golden-homeshare-marketplace/goldenhomesharev1/app/lib/db.ts"
2025-05-27T16:44:26.157938Z  INFO tailwindcss_oxide::scanner: Reading "/Users/nathansmith/Desktop/GHS copy 4/golden-homeshare-marketplace/goldenhomesharev1/node_modules/@uploadthing/react/dist/index.d.cts"
2025-05-27T16:44:26.157877Z  INFO tailwindcss_oxide::scanner: Reading "/Users/nathansmith/Desktop/GHS copy 4/golden-homeshare-marketplace/goldenhomesharev1/prisma/migrations/20250522165354_added_house_rules/migration.sql"
2025-05-27T16:44:26.157800Z  INFO tailwindcss_oxide::scanner: Reading "/Users/nathansmith/Desktop/GHS copy 4/golden-homeshare-marketplace/goldenhomesharev1/lib/generated/prisma/runtime/wasm.js"
2025-05-27T16:44:26.157953Z  INFO tailwindcss_oxide::scanner: Reading "/Users/nathansmith/Desktop/GHS copy 4/golden-homeshare-marketplace/goldenhomesharev1/app/api/messages/mark-read/route.ts"
2025-05-27T16:44:26.157845Z  INFO tailwindcss_oxide::scanner: Reading "/Users/nathansmith/Desktop/GHS copy 4/golden-homeshare-marketplace/goldenhomesharev1/lib/supabase/client.ts"
2025-05-27T16:44:26.157969Z  INFO tailwindcss_oxide::scanner: Reading "/Users/nathansmith/Desktop/GHS copy 4/golden-homeshare-marketplace/goldenhomesharev1/prisma/migrations/20250526211907_add_hide_conversation_fields/migration.sql"
2025-05-27T16:44:26.157939Z  INFO tailwindcss_oxide::scanner: Reading "/Users/nathansmith/Desktop/GHS copy 4/golden-homeshare-marketplace/goldenhomesharev1/lib/generated/prisma/client.js"
2025-05-27T16:44:26.157938Z  INFO tailwindcss_oxide::scanner: Reading "/Users/nathansmith/Desktop/GHS copy 4/golden-homeshare-marketplace/goldenhomesharev1/app/api/stripe/route.ts"
2025-05-27T16:44:26.157876Z  INFO tailwindcss_oxide::scanner: Reading "/Users/nathansmith/Desktop/GHS copy 4/golden-homeshare-marketplace/goldenhomesharev1/app/components/NewestProducts.tsx"
2025-05-27T16:44:26.157912Z  INFO tailwindcss_oxide::scanner: Reading "/Users/nathansmith/Desktop/GHS copy 4/golden-homeshare-marketplace/goldenhomesharev1/.cursor/rules/systemPatterns.md"
2025-05-27T16:44:26.157998Z  INFO tailwindcss_oxide::scanner: Reading "/Users/nathansmith/Desktop/GHS copy 4/golden-homeshare-marketplace/goldenhomesharev1/app/api/stripe/connect/route.ts"
2025-05-27T16:44:26.157970Z  INFO tailwindcss_oxide::scanner: Reading "/Users/nathansmith/Desktop/GHS copy 4/golden-homeshare-marketplace/goldenhomesharev1/app/api/messages/unread-count/route.ts"
2025-05-27T16:44:26.157949Z  INFO tailwindcss_oxide::scanner: Reading "/Users/nathansmith/Desktop/GHS copy 4/golden-homeshare-marketplace/goldenhomesharev1/app/components/MessagesIcon.tsx"
2025-05-27T16:44:26.157976Z  INFO tailwindcss_oxide::scanner: Reading "/Users/nathansmith/Desktop/GHS copy 4/golden-homeshare-marketplace/goldenhomesharev1/lib/supabase/server.ts"
2025-05-27T16:44:26.157994Z  INFO tailwindcss_oxide::scanner: Reading "/Users/nathansmith/Desktop/GHS copy 4/golden-homeshare-marketplace/goldenhomesharev1/lib/generated/prisma/edge.d.ts"
2025-05-27T16:44:26.158027Z  INFO tailwindcss_oxide::scanner: Reading "/Users/nathansmith/Desktop/GHS copy 4/golden-homeshare-marketplace/goldenhomesharev1/prisma/migrations/20250525174737_add_cascade_delete_homeowner_chatroom/migration.sql"
2025-05-27T16:44:26.158031Z  INFO tailwindcss_oxide::scanner: Reading "/Users/nathansmith/Desktop/GHS copy 4/golden-homeshare-marketplace/goldenhomesharev1/lib/auth.ts"
2025-05-27T16:44:26.158009Z  INFO tailwindcss_oxide::scanner: Reading "/Users/nathansmith/Desktop/GHS copy 4/golden-homeshare-marketplace/goldenhomesharev1/app/components/ListingsMap.tsx"
2025-05-27T16:44:26.158012Z  INFO tailwindcss_oxide::scanner: Reading "/Users/nathansmith/Desktop/GHS copy 4/golden-homeshare-marketplace/goldenhomesharev1/.cursor/rules/Clean_Code_Guidelines.mdc"
2025-05-27T16:44:26.157987Z  INFO tailwindcss_oxide::scanner: Reading "/Users/nathansmith/Desktop/GHS copy 4/golden-homeshare-marketplace/goldenhomesharev1/prisma/migrations/20250525121403_make_productid_optional_for_profile_chats/migration.sql"
2025-05-27T16:44:26.158017Z  INFO tailwindcss_oxide::scanner: Reading "/Users/nathansmith/Desktop/GHS copy 4/golden-homeshare-marketplace/goldenhomesharev1/app/components/NavbarLinks.tsx"
2025-05-27T16:44:26.158022Z  INFO tailwindcss_oxide::scanner: Reading "/Users/nathansmith/Desktop/GHS copy 4/golden-homeshare-marketplace/goldenhomesharev1/app/api/products/route.ts"
2025-05-27T16:44:26.158089Z  INFO tailwindcss_oxide::scanner: Reading "/Users/nathansmith/Desktop/GHS copy 4/golden-homeshare-marketplace/goldenhomesharev1/prisma/migrations/20250524184657_add_address_to_product/migration.sql"
2025-05-27T16:44:26.157885Z  INFO tailwindcss_oxide::scanner: Reading "/Users/nathansmith/Desktop/GHS copy 4/golden-homeshare-marketplace/goldenhomesharev1/prisma/schema.prisma"
2025-05-27T16:44:26.158103Z  INFO tailwindcss_oxide::scanner: Reading "/Users/nathansmith/Desktop/GHS copy 4/golden-homeshare-marketplace/goldenhomesharev1/app/api/chat/room/route.ts"
2025-05-27T16:44:26.158040Z  INFO tailwindcss_oxide::scanner: Reading "/Users/nathansmith/Desktop/GHS copy 4/golden-homeshare-marketplace/goldenhomesharev1/lib/generated/prisma/index.js"
2025-05-27T16:44:26.158051Z  INFO tailwindcss_oxide::scanner: Reading "/Users/nathansmith/Desktop/GHS copy 4/golden-homeshare-marketplace/goldenhomesharev1/components.json"
2025-05-27T16:44:26.158128Z  INFO tailwindcss_oxide::scanner: Reading "/Users/nathansmith/Desktop/GHS copy 4/golden-homeshare-marketplace/goldenhomesharev1/lib/generated/prisma/runtime/react-native.js"
2025-05-27T16:44:26.158057Z  INFO tailwindcss_oxide::scanner: Reading "/Users/nathansmith/Desktop/GHS copy 4/golden-homeshare-marketplace/goldenhomesharev1/node_modules/@uploadthing/react/dist/button-client-BT9iC-PN.cjs"
2025-05-27T16:44:26.158059Z  INFO tailwindcss_oxide::scanner: Reading "/Users/nathansmith/Desktop/GHS copy 4/golden-homeshare-marketplace/goldenhomesharev1/app/components/ContactHousemateModal.tsx"
2025-05-27T16:44:26.157998Z  INFO tailwindcss_oxide::scanner: Reading "/Users/nathansmith/Desktop/GHS copy 4/golden-homeshare-marketplace/goldenhomesharev1/lib/generated/prisma/runtime/edge-esm.js"
2025-05-27T16:44:26.158100Z  INFO tailwindcss_oxide::scanner: Reading "/Users/nathansmith/Desktop/GHS copy 4/golden-homeshare-marketplace/goldenhomesharev1/app/components/SubmitButtons.tsx"
2025-05-27T16:44:26.158157Z  INFO tailwindcss_oxide::scanner: Reading "/Users/nathansmith/Desktop/GHS copy 4/golden-homeshare-marketplace/goldenhomesharev1/app/components/AirbnbStyleRow.tsx"
2025-05-27T16:44:26.158162Z  INFO tailwindcss_oxide::scanner: Reading "/Users/nathansmith/Desktop/GHS copy 4/golden-homeshare-marketplace/goldenhomesharev1/app/components/AddressAutocomplete.tsx"
2025-05-27T16:44:26.158122Z  INFO tailwindcss_oxide::scanner: Reading "/Users/nathansmith/Desktop/GHS copy 4/golden-homeshare-marketplace/goldenhomesharev1/app/api/chat/delete/route.ts"
2025-05-27T16:44:26.158121Z  INFO tailwindcss_oxide::scanner: Reading "/Users/nathansmith/Desktop/GHS copy 4/golden-homeshare-marketplace/goldenhomesharev1/docs/database-deletions.md"
2025-05-27T16:44:26.158080Z  INFO tailwindcss_oxide::scanner: Reading "/Users/nathansmith/Desktop/GHS copy 4/golden-homeshare-marketplace/goldenhomesharev1/.cursor/rules/backend_structure_document.md"
2025-05-27T16:44:26.158143Z  INFO tailwindcss_oxide::scanner: Reading "/Users/nathansmith/Desktop/GHS copy 4/golden-homeshare-marketplace/goldenhomesharev1/lib/generated/prisma/index-browser.js"
2025-05-27T16:44:26.158163Z  INFO tailwindcss_oxide::scanner: Reading "/Users/nathansmith/Desktop/GHS copy 4/golden-homeshare-marketplace/goldenhomesharev1/node_modules/@uploadthing/react/dist/index.js"
2025-05-27T16:44:26.158050Z  INFO tailwindcss_oxide::scanner: Reading "/Users/nathansmith/Desktop/GHS copy 4/golden-homeshare-marketplace/goldenhomesharev1/prisma/migrations/20250523153036_add_multi_tenant_support/migration.sql"
2025-05-27T16:44:26.158173Z  INFO tailwindcss_oxide::scanner: Reading "/Users/nathansmith/Desktop/GHS copy 4/golden-homeshare-marketplace/goldenhomesharev1/components/ui/sheet.tsx"
2025-05-27T16:44:26.158175Z  INFO tailwindcss_oxide::scanner: Reading "/Users/nathansmith/Desktop/GHS copy 4/golden-homeshare-marketplace/goldenhomesharev1/app/components/AddressMap.tsx"
2025-05-27T16:44:26.158132Z  INFO tailwindcss_oxide::scanner: Reading "/Users/nathansmith/Desktop/GHS copy 4/golden-homeshare-marketplace/goldenhomesharev1/lib/generated/prisma/edge.js"
2025-05-27T16:44:26.158244Z  INFO tailwindcss_oxide::scanner: Reading "/Users/nathansmith/Desktop/GHS copy 4/golden-homeshare-marketplace/goldenhomesharev1/components/ui/scroll-area.tsx"
2025-05-27T16:44:26.158248Z  INFO tailwindcss_oxide::scanner: Reading "/Users/nathansmith/Desktop/GHS copy 4/golden-homeshare-marketplace/goldenhomesharev1/node_modules/@uploadthing/react/dist/index.d.ts"
2025-05-27T16:44:26.158253Z  INFO tailwindcss_oxide::scanner: Reading "/Users/nathansmith/Desktop/GHS copy 4/golden-homeshare-marketplace/goldenhomesharev1/components/ui/card.tsx"
2025-05-27T16:44:26.158223Z  INFO tailwindcss_oxide::scanner: Reading "/Users/nathansmith/Desktop/GHS copy 4/golden-homeshare-marketplace/goldenhomesharev1/.cursor/rules/security_guideline_document.md"
2025-05-27T16:44:26.158228Z  INFO tailwindcss_oxide::scanner: Reading "/Users/nathansmith/Desktop/GHS copy 4/golden-homeshare-marketplace/goldenhomesharev1/lib/generated/prisma/package.json"
2025-05-27T16:44:26.158266Z  INFO tailwindcss_oxide::scanner: Reading "/Users/nathansmith/Desktop/GHS copy 4/golden-homeshare-marketplace/goldenhomesharev1/components/ui/label.tsx"
2025-05-27T16:44:26.158186Z  INFO tailwindcss_oxide::scanner: Reading "/Users/nathansmith/Desktop/GHS copy 4/golden-homeshare-marketplace/goldenhomesharev1/app/components/SelectCategory.tsx"
2025-05-27T16:44:26.158179Z  INFO tailwindcss_oxide::scanner: Reading "/Users/nathansmith/Desktop/GHS copy 4/golden-homeshare-marketplace/goldenhomesharev1/app/profile/[id]/components/ProfileNavigation.tsx"
2025-05-27T16:44:26.158281Z  INFO tailwindcss_oxide::scanner: Reading "/Users/nathansmith/Desktop/GHS copy 4/golden-homeshare-marketplace/goldenhomesharev1/app/components/MobileMenu.tsx"
2025-05-27T16:44:26.158214Z  INFO tailwindcss_oxide::scanner: Reading "/Users/nathansmith/Desktop/GHS copy 4/golden-homeshare-marketplace/goldenhomesharev1/README.md"
2025-05-27T16:44:26.158248Z  INFO tailwindcss_oxide::scanner: Reading "/Users/nathansmith/Desktop/GHS copy 4/golden-homeshare-marketplace/goldenhomesharev1/components/ui/button.tsx"
2025-05-27T16:44:26.158268Z  INFO tailwindcss_oxide::scanner: Reading "/Users/nathansmith/Desktop/GHS copy 4/golden-homeshare-marketplace/goldenhomesharev1/components/ui/progress.tsx"
2025-05-27T16:44:26.158317Z  INFO tailwindcss_oxide::scanner: Reading "/Users/nathansmith/Desktop/GHS copy 4/golden-homeshare-marketplace/goldenhomesharev1/components/ui/input.tsx"
2025-05-27T16:44:26.158283Z  INFO tailwindcss_oxide::scanner: Reading "/Users/nathansmith/Desktop/GHS copy 4/golden-homeshare-marketplace/goldenhomesharev1/components/ui/dialog.tsx"
2025-05-27T16:44:26.158333Z  INFO tailwindcss_oxide::scanner: Reading "/Users/nathansmith/Desktop/GHS copy 4/golden-homeshare-marketplace/goldenhomesharev1/components/ui/skeleton.tsx"
2025-05-27T16:44:26.158265Z  INFO tailwindcss_oxide::scanner: Reading "/Users/nathansmith/Desktop/GHS copy 4/golden-homeshare-marketplace/goldenhomesharev1/components/ui/sonner.tsx"
2025-05-27T16:44:26.158289Z  INFO tailwindcss_oxide::scanner: Reading "/Users/nathansmith/Desktop/GHS copy 4/golden-homeshare-marketplace/goldenhomesharev1/components/ui/avatar.tsx"
2025-05-27T16:44:26.158301Z  INFO tailwindcss_oxide::scanner: Reading "/Users/nathansmith/Desktop/GHS copy 4/golden-homeshare-marketplace/goldenhomesharev1/app/profile/[id]/page.tsx"
2025-05-27T16:44:26.158350Z  INFO tailwindcss_oxide::scanner: Reading "/Users/nathansmith/Desktop/GHS copy 4/golden-homeshare-marketplace/goldenhomesharev1/components/ui/textarea.tsx"
2025-05-27T16:44:26.158309Z  INFO tailwindcss_oxide::scanner: Reading "/Users/nathansmith/Desktop/GHS copy 4/golden-homeshare-marketplace/goldenhomesharev1/node_modules/@uploadthing/react/dist/index.cjs"
2025-05-27T16:44:26.158273Z  INFO tailwindcss_oxide::scanner: Reading "/Users/nathansmith/Desktop/GHS copy 4/golden-homeshare-marketplace/goldenhomesharev1/.cursor/rules/NextJS_Best_Practices.mdc"
2025-05-27T16:44:26.158324Z  INFO tailwindcss_oxide::scanner: Reading "/Users/nathansmith/Desktop/GHS copy 4/golden-homeshare-marketplace/goldenhomesharev1/components/ui/dropdown-menu.tsx"
2025-05-27T16:44:26.158328Z  INFO tailwindcss_oxide::scanner: Reading "/Users/nathansmith/Desktop/GHS copy 4/golden-homeshare-marketplace/goldenhomesharev1/components/ui/carousel.tsx"
2025-05-27T16:44:26.158372Z  INFO tailwindcss_oxide::scanner: Reading "/Users/nathansmith/Desktop/GHS copy 4/golden-homeshare-marketplace/goldenhomesharev1/app/components/chat/HomeownerChatModal.tsx"
2025-05-27T16:44:26.158348Z  INFO tailwindcss_oxide::scanner: Reading "/Users/nathansmith/Desktop/GHS copy 4/golden-homeshare-marketplace/goldenhomesharev1/app/actions.ts"
2025-05-27T16:44:26.158380Z  INFO tailwindcss_oxide::scanner: Reading "/Users/nathansmith/Desktop/GHS copy 4/golden-homeshare-marketplace/goldenhomesharev1/app/list/page.tsx"
2025-05-27T16:44:26.158357Z  INFO tailwindcss_oxide::scanner: Reading "/Users/nathansmith/Desktop/GHS copy 4/golden-homeshare-marketplace/goldenhomesharev1/app/my-products/page.tsx"
2025-05-27T16:44:26.158389Z  INFO tailwindcss_oxide::scanner: Reading "/Users/nathansmith/Desktop/GHS copy 4/golden-homeshare-marketplace/goldenhomesharev1/app/components/chat/HousemateChatCard.tsx"
2025-05-27T16:44:26.158393Z  INFO tailwindcss_oxide::scanner: Reading "/Users/nathansmith/Desktop/GHS copy 4/golden-homeshare-marketplace/goldenhomesharev1/app/components/Navbar.tsx"
2025-05-27T16:44:26.158359Z  INFO tailwindcss_oxide::scanner: Reading "/Users/nathansmith/Desktop/GHS copy 4/golden-homeshare-marketplace/goldenhomesharev1/app/products/[category]/page.tsx"
2025-05-27T16:44:26.158286Z  INFO tailwindcss_oxide::scanner: Reading "/Users/nathansmith/Desktop/GHS copy 4/golden-homeshare-marketplace/goldenhomesharev1/node_modules/@uploadthing/react/dist/uploader-client-B6AA8czz.cjs"
2025-05-27T16:44:26.158375Z  INFO tailwindcss_oxide::scanner: Reading "/Users/nathansmith/Desktop/GHS copy 4/golden-homeshare-marketplace/goldenhomesharev1/.cursor/rules/mcp.json"
2025-05-27T16:44:26.158411Z  INFO tailwindcss_oxide::scanner: Reading "/Users/nathansmith/Desktop/GHS copy 4/golden-homeshare-marketplace/goldenhomesharev1/app/components/HomeownerProfileCard.tsx"
2025-05-27T16:44:26.158415Z  INFO tailwindcss_oxide::scanner: Reading "/Users/nathansmith/Desktop/GHS copy 4/golden-homeshare-marketplace/goldenhomesharev1/app/payment/cancel/page.tsx"
2025-05-27T16:44:26.158419Z  INFO tailwindcss_oxide::scanner: Reading "/Users/nathansmith/Desktop/GHS copy 4/golden-homeshare-marketplace/goldenhomesharev1/app/payment/success/page.tsx"
2025-05-27T16:44:26.158396Z  INFO tailwindcss_oxide::scanner: Reading "/Users/nathansmith/Desktop/GHS copy 4/golden-homeshare-marketplace/goldenhomesharev1/app/return/[id]/page.tsx"
2025-05-27T16:44:26.158430Z  INFO tailwindcss_oxide::scanner: Reading "/Users/nathansmith/Desktop/GHS copy 4/golden-homeshare-marketplace/goldenhomesharev1/app/sell/edit/[id]/page.tsx"
2025-05-27T16:44:26.158435Z  INFO tailwindcss_oxide::scanner: Reading "/Users/nathansmith/Desktop/GHS copy 4/golden-homeshare-marketplace/goldenhomesharev1/app/product/[id]/page.tsx"
2025-05-27T16:44:26.158405Z  INFO tailwindcss_oxide::scanner: Reading "/Users/nathansmith/Desktop/GHS copy 4/golden-homeshare-marketplace/goldenhomesharev1/app/components/chat/HomeownerConversationList.tsx"
2025-05-27T16:44:26.158442Z  INFO tailwindcss_oxide::scanner: Reading "/Users/nathansmith/Desktop/GHS copy 4/golden-homeshare-marketplace/goldenhomesharev1/app/sell/page.tsx"
2025-05-27T16:44:26.158445Z  INFO tailwindcss_oxide::scanner: Reading "/Users/nathansmith/Desktop/GHS copy 4/golden-homeshare-marketplace/goldenhomesharev1/app/sell/loading.tsx"
2025-05-27T16:44:26.158361Z  INFO tailwindcss_oxide::scanner: Reading "/Users/nathansmith/Desktop/GHS copy 4/golden-homeshare-marketplace/goldenhomesharev1/components/realtime-chat.tsx"
2025-05-27T16:44:26.158424Z  INFO tailwindcss_oxide::scanner: Reading "/Users/nathansmith/Desktop/GHS copy 4/golden-homeshare-marketplace/goldenhomesharev1/app/homeowner/messages/page.tsx"
2025-05-27T16:44:26.158456Z  INFO tailwindcss_oxide::scanner: Reading "/Users/nathansmith/Desktop/GHS copy 4/golden-homeshare-marketplace/goldenhomesharev1/app/components/chat/ProfileChatModal.tsx"
2025-05-27T16:44:26.158460Z  INFO tailwindcss_oxide::scanner: Reading "/Users/nathansmith/Desktop/GHS copy 4/golden-homeshare-marketplace/goldenhomesharev1/app/homeowner/profile/edit/page.tsx"
2025-05-27T16:44:26.158365Z  INFO tailwindcss_oxide::scanner: Reading "/Users/nathansmith/Desktop/GHS copy 4/golden-homeshare-marketplace/goldenhomesharev1/app/my-products/loading.tsx"
2025-05-27T16:44:26.158467Z  INFO tailwindcss_oxide::scanner: Reading "/Users/nathansmith/Desktop/GHS copy 4/golden-homeshare-marketplace/goldenhomesharev1/app/components/form/EditListingForm.tsx"
2025-05-27T16:44:26.158401Z  INFO tailwindcss_oxide::scanner: Reading "/Users/nathansmith/Desktop/GHS copy 4/golden-homeshare-marketplace/goldenhomesharev1/app/product/[id]/loading.tsx"
2025-05-27T16:44:26.158450Z  INFO tailwindcss_oxide::scanner: Reading "/Users/nathansmith/Desktop/GHS copy 4/golden-homeshare-marketplace/goldenhomesharev1/app/components/chat/HousemateChatButton.tsx"
2025-05-27T16:44:26.158457Z  INFO tailwindcss_oxide::scanner: Reading "/Users/nathansmith/Desktop/GHS copy 4/golden-homeshare-marketplace/goldenhomesharev1/app/products/[category]/loading.tsx"
2025-05-27T16:44:26.158505Z  INFO tailwindcss_oxide::scanner: Reading "/Users/nathansmith/Desktop/GHS copy 4/golden-homeshare-marketplace/goldenhomesharev1/app/components/chat/MessageHousemateButton.tsx"
2025-05-27T16:44:26.158426Z  INFO tailwindcss_oxide::scanner: Reading "/Users/nathansmith/Desktop/GHS copy 4/golden-homeshare-marketplace/goldenhomesharev1/app/components/ProductDescription.tsx"
2025-05-27T16:44:26.158513Z  INFO tailwindcss_oxide::scanner: Reading "/Users/nathansmith/Desktop/GHS copy 4/golden-homeshare-marketplace/goldenhomesharev1/app/components/chat/HousemateConversationList.tsx"
2025-05-27T16:44:26.158517Z  INFO tailwindcss_oxide::scanner: Reading "/Users/nathansmith/Desktop/GHS copy 4/golden-homeshare-marketplace/goldenhomesharev1/app/components/chat/HomeownerChatCard.tsx"
2025-05-27T16:44:26.158520Z  INFO tailwindcss_oxide::scanner: Reading "/Users/nathansmith/Desktop/GHS copy 4/golden-homeshare-marketplace/goldenhomesharev1/app/components/chat/HomeownerChatButton.tsx"
2025-05-27T16:44:26.158480Z  INFO tailwindcss_oxide::scanner: Reading "/Users/nathansmith/Desktop/GHS copy 4/golden-homeshare-marketplace/goldenhomesharev1/app/components/chat/MessageHostButton.tsx"
2025-05-27T16:44:26.158481Z  INFO tailwindcss_oxide::scanner: Reading "/Users/nathansmith/Desktop/GHS copy 4/golden-homeshare-marketplace/goldenhomesharev1/app/components/ListingCard.tsx"
2025-05-27T16:44:26.158536Z  INFO tailwindcss_oxide::scanner: Reading "/Users/nathansmith/Desktop/GHS copy 4/golden-homeshare-marketplace/goldenhomesharev1/app/components/chat/MobileMessagingView.tsx"
2025-05-27T16:44:26.158470Z  INFO tailwindcss_oxide::scanner: Reading "/Users/nathansmith/Desktop/GHS copy 4/golden-homeshare-marketplace/goldenhomesharev1/app/homeowner/dashboard/page.tsx"
2025-05-27T16:44:26.158303Z  INFO tailwindcss_oxide::scanner: Reading "/Users/nathansmith/Desktop/GHS copy 4/golden-homeshare-marketplace/goldenhomesharev1/components/ui/badge.tsx"
2025-05-27T16:44:26.158390Z  INFO tailwindcss_oxide::scanner: Reading "/Users/nathansmith/Desktop/GHS copy 4/golden-homeshare-marketplace/goldenhomesharev1/app/homeowner/profile/edit/components/HomeownerProfileEditForm.tsx"
2025-05-27T16:44:26.158476Z  INFO tailwindcss_oxide::scanner: Reading "/Users/nathansmith/Desktop/GHS copy 4/golden-homeshare-marketplace/goldenhomesharev1/app/settings/loading.tsx"
2025-05-27T16:44:26.158525Z  INFO tailwindcss_oxide::scanner: Reading "/Users/nathansmith/Desktop/GHS copy 4/golden-homeshare-marketplace/goldenhomesharev1/app/components/chat/index.ts"
2025-05-27T16:44:26.158533Z  INFO tailwindcss_oxide::scanner: Reading "/Users/nathansmith/Desktop/GHS copy 4/golden-homeshare-marketplace/goldenhomesharev1/app/components/HousemateCard.tsx"
2025-05-27T16:44:26.158536Z  INFO tailwindcss_oxide::scanner: Reading "/Users/nathansmith/Desktop/GHS copy 4/golden-homeshare-marketplace/goldenhomesharev1/app/components/UserNav.tsx"
2025-05-27T16:44:26.158487Z  INFO tailwindcss_oxide::scanner: Reading "/Users/nathansmith/Desktop/GHS copy 4/golden-homeshare-marketplace/goldenhomesharev1/app/components/form/Sellform.tsx"
2025-05-27T16:44:26.158541Z  INFO tailwindcss_oxide::scanner: Reading "/Users/nathansmith/Desktop/GHS copy 4/golden-homeshare-marketplace/goldenhomesharev1/app/components/chat/ChatModal.tsx"
2025-05-27T16:44:26.158765Z  INFO extract_candidates:read_all_files: tailwindcss_oxide::scanner: exit
2025-05-27T16:44:26.158770Z  INFO extract_candidates:parse_all_blobs: tailwindcss_oxide::scanner: enter
2025-05-27T16:44:26.158772Z  INFO extract_candidates:parse_all_blobs:extract: tailwindcss_oxide::scanner: enter
2025-05-27T16:44:26.163227Z  INFO extract_candidates:parse_all_blobs:extract: tailwindcss_oxide::scanner: exit
2025-05-27T16:44:26.163242Z  INFO extract_candidates:parse_all_blobs: tailwindcss_oxide::scanner: exit
2025-05-27T16:44:26.163246Z  INFO extract_candidates:read_all_files: tailwindcss_oxide::scanner: enter
2025-05-27T16:44:26.163248Z  INFO extract_candidates:read_all_files: tailwindcss_oxide::scanner: Reading 2 file(s)
2025-05-27T16:44:26.163275Z  INFO tailwindcss_oxide::scanner: Reading "/Users/nathansmith/Desktop/GHS copy 4/golden-homeshare-marketplace/goldenhomesharev1/app/globals.css"
2025-05-27T16:44:26.163421Z  INFO tailwindcss_oxide::scanner: Reading "/Users/nathansmith/Desktop/GHS copy 4/golden-homeshare-marketplace/goldenhomesharev1/node_modules/@uploadthing/react/dist/index.css"
2025-05-27T16:44:26.163434Z  INFO extract_candidates:read_all_files: tailwindcss_oxide::scanner: exit
2025-05-27T16:44:26.163440Z  INFO extract_candidates:extract_css_variables: tailwindcss_oxide::scanner: enter
2025-05-27T16:44:26.163443Z  INFO extract_candidates:extract_css_variables:extract: tailwindcss_oxide::scanner: enter
2025-05-27T16:44:26.163546Z  INFO extract_candidates:extract_css_variables:extract: tailwindcss_oxide::scanner: exit
2025-05-27T16:44:26.163550Z  INFO extract_candidates:extract_css_variables: tailwindcss_oxide::scanner: exit
2025-05-27T16:44:26.164695Z  INFO extract_candidates: tailwindcss_oxide::scanner: exit
2025-05-27T16:44:26.165846Z  INFO get_files: tailwindcss_oxide::scanner: enter
2025-05-27T16:44:26.165850Z  INFO get_files:scan_sources: tailwindcss_oxide::scanner: enter
2025-05-27T16:44:26.166189Z  INFO get_files:scan_sources: tailwindcss_oxide::scanner: Discovering "/Users/nathansmith/Desktop/GHS copy 4/golden-homeshare-marketplace/goldenhomesharev1/.cursor"
2025-05-27T16:44:26.166219Z  INFO get_files:scan_sources: tailwindcss_oxide::scanner: Discovering "/Users/nathansmith/Desktop/GHS copy 4/golden-homeshare-marketplace/goldenhomesharev1/.cursor/rules"
2025-05-27T16:44:26.166316Z  INFO get_files:scan_sources: tailwindcss_oxide::scanner: Discovering "/Users/nathansmith/Desktop/GHS copy 4/golden-homeshare-marketplace/goldenhomesharev1/app"
2025-05-27T16:44:26.166342Z  INFO get_files:scan_sources: tailwindcss_oxide::scanner: Discovering "/Users/nathansmith/Desktop/GHS copy 4/golden-homeshare-marketplace/goldenhomesharev1/app/homeowner"
2025-05-27T16:44:26.166362Z  INFO get_files:scan_sources: tailwindcss_oxide::scanner: Discovering "/Users/nathansmith/Desktop/GHS copy 4/golden-homeshare-marketplace/goldenhomesharev1/app/homeowner/messages"
2025-05-27T16:44:26.166388Z  INFO get_files:scan_sources: tailwindcss_oxide::scanner: Discovering "/Users/nathansmith/Desktop/GHS copy 4/golden-homeshare-marketplace/goldenhomesharev1/app/homeowner/dashboard"
2025-05-27T16:44:26.166413Z  INFO get_files:scan_sources: tailwindcss_oxide::scanner: Discovering "/Users/nathansmith/Desktop/GHS copy 4/golden-homeshare-marketplace/goldenhomesharev1/app/homeowner/profile"
2025-05-27T16:44:26.166432Z  INFO get_files:scan_sources: tailwindcss_oxide::scanner: Discovering "/Users/nathansmith/Desktop/GHS copy 4/golden-homeshare-marketplace/goldenhomesharev1/app/homeowner/profile/edit"
2025-05-27T16:44:26.166452Z  INFO get_files:scan_sources: tailwindcss_oxide::scanner: Discovering "/Users/nathansmith/Desktop/GHS copy 4/golden-homeshare-marketplace/goldenhomesharev1/app/homeowner/profile/edit/components"
2025-05-27T16:44:26.166482Z  INFO get_files:scan_sources: tailwindcss_oxide::scanner: Discovering "/Users/nathansmith/Desktop/GHS copy 4/golden-homeshare-marketplace/goldenhomesharev1/app/settings"
2025-05-27T16:44:26.166506Z  INFO get_files:scan_sources: tailwindcss_oxide::scanner: Discovering "/Users/nathansmith/Desktop/GHS copy 4/golden-homeshare-marketplace/goldenhomesharev1/app/sell"
2025-05-27T16:44:26.166527Z  INFO get_files:scan_sources: tailwindcss_oxide::scanner: Discovering "/Users/nathansmith/Desktop/GHS copy 4/golden-homeshare-marketplace/goldenhomesharev1/app/sell/edit"
2025-05-27T16:44:26.166545Z  INFO get_files:scan_sources: tailwindcss_oxide::scanner: Discovering "/Users/nathansmith/Desktop/GHS copy 4/golden-homeshare-marketplace/goldenhomesharev1/app/sell/edit/[id]"
2025-05-27T16:44:26.166580Z  INFO get_files:scan_sources: tailwindcss_oxide::scanner: Discovering "/Users/nathansmith/Desktop/GHS copy 4/golden-homeshare-marketplace/goldenhomesharev1/app/products"
2025-05-27T16:44:26.166598Z  INFO get_files:scan_sources: tailwindcss_oxide::scanner: Discovering "/Users/nathansmith/Desktop/GHS copy 4/golden-homeshare-marketplace/goldenhomesharev1/app/products/[category]"
2025-05-27T16:44:26.166626Z  INFO get_files:scan_sources: tailwindcss_oxide::scanner: Discovering "/Users/nathansmith/Desktop/GHS copy 4/golden-homeshare-marketplace/goldenhomesharev1/app/payment"
2025-05-27T16:44:26.166646Z  INFO get_files:scan_sources: tailwindcss_oxide::scanner: Discovering "/Users/nathansmith/Desktop/GHS copy 4/golden-homeshare-marketplace/goldenhomesharev1/app/payment/cancel"
2025-05-27T16:44:26.166668Z  INFO get_files:scan_sources: tailwindcss_oxide::scanner: Discovering "/Users/nathansmith/Desktop/GHS copy 4/golden-homeshare-marketplace/goldenhomesharev1/app/payment/success"
2025-05-27T16:44:26.166692Z  INFO get_files:scan_sources: tailwindcss_oxide::scanner: Discovering "/Users/nathansmith/Desktop/GHS copy 4/golden-homeshare-marketplace/goldenhomesharev1/app/return"
2025-05-27T16:44:26.166710Z  INFO get_files:scan_sources: tailwindcss_oxide::scanner: Discovering "/Users/nathansmith/Desktop/GHS copy 4/golden-homeshare-marketplace/goldenhomesharev1/app/return/[id]"
2025-05-27T16:44:26.166733Z  INFO get_files:scan_sources: tailwindcss_oxide::scanner: Discovering "/Users/nathansmith/Desktop/GHS copy 4/golden-homeshare-marketplace/goldenhomesharev1/app/product"
2025-05-27T16:44:26.166751Z  INFO get_files:scan_sources: tailwindcss_oxide::scanner: Discovering "/Users/nathansmith/Desktop/GHS copy 4/golden-homeshare-marketplace/goldenhomesharev1/app/product/[id]"
2025-05-27T16:44:26.166783Z  INFO get_files:scan_sources: tailwindcss_oxide::scanner: Discovering "/Users/nathansmith/Desktop/GHS copy 4/golden-homeshare-marketplace/goldenhomesharev1/app/components"
2025-05-27T16:44:26.166821Z  INFO get_files:scan_sources: tailwindcss_oxide::scanner: Discovering "/Users/nathansmith/Desktop/GHS copy 4/golden-homeshare-marketplace/goldenhomesharev1/app/components/form"
2025-05-27T16:44:26.166851Z  INFO get_files:scan_sources: tailwindcss_oxide::scanner: Discovering "/Users/nathansmith/Desktop/GHS copy 4/golden-homeshare-marketplace/goldenhomesharev1/app/components/chat"
2025-05-27T16:44:26.166991Z  INFO get_files:scan_sources: tailwindcss_oxide::scanner: Discovering "/Users/nathansmith/Desktop/GHS copy 4/golden-homeshare-marketplace/goldenhomesharev1/app/profile"
2025-05-27T16:44:26.167009Z  INFO get_files:scan_sources: tailwindcss_oxide::scanner: Discovering "/Users/nathansmith/Desktop/GHS copy 4/golden-homeshare-marketplace/goldenhomesharev1/app/profile/[id]"
2025-05-27T16:44:26.167027Z  INFO get_files:scan_sources: tailwindcss_oxide::scanner: Discovering "/Users/nathansmith/Desktop/GHS copy 4/golden-homeshare-marketplace/goldenhomesharev1/app/profile/[id]/components"
2025-05-27T16:44:26.167058Z  INFO get_files:scan_sources: tailwindcss_oxide::scanner: Discovering "/Users/nathansmith/Desktop/GHS copy 4/golden-homeshare-marketplace/goldenhomesharev1/app/my-products"
2025-05-27T16:44:26.167084Z  INFO get_files:scan_sources: tailwindcss_oxide::scanner: Discovering "/Users/nathansmith/Desktop/GHS copy 4/golden-homeshare-marketplace/goldenhomesharev1/app/list"
2025-05-27T16:44:26.167110Z  INFO get_files:scan_sources: tailwindcss_oxide::scanner: Discovering "/Users/nathansmith/Desktop/GHS copy 4/golden-homeshare-marketplace/goldenhomesharev1/app/actions"
2025-05-27T16:44:26.167133Z  INFO get_files:scan_sources: tailwindcss_oxide::scanner: Discovering "/Users/nathansmith/Desktop/GHS copy 4/golden-homeshare-marketplace/goldenhomesharev1/app/lib"
2025-05-27T16:44:26.167172Z  INFO get_files:scan_sources: tailwindcss_oxide::scanner: Discovering "/Users/nathansmith/Desktop/GHS copy 4/golden-homeshare-marketplace/goldenhomesharev1/app/api"
2025-05-27T16:44:26.167192Z  INFO get_files:scan_sources: tailwindcss_oxide::scanner: Discovering "/Users/nathansmith/Desktop/GHS copy 4/golden-homeshare-marketplace/goldenhomesharev1/app/api/messages"
2025-05-27T16:44:26.167211Z  INFO get_files:scan_sources: tailwindcss_oxide::scanner: Discovering "/Users/nathansmith/Desktop/GHS copy 4/golden-homeshare-marketplace/goldenhomesharev1/app/api/messages/mark-read"
2025-05-27T16:44:26.167233Z  INFO get_files:scan_sources: tailwindcss_oxide::scanner: Discovering "/Users/nathansmith/Desktop/GHS copy 4/golden-homeshare-marketplace/goldenhomesharev1/app/api/messages/unread-count"
2025-05-27T16:44:26.167257Z  INFO get_files:scan_sources: tailwindcss_oxide::scanner: Discovering "/Users/nathansmith/Desktop/GHS copy 4/golden-homeshare-marketplace/goldenhomesharev1/app/api/products"
2025-05-27T16:44:26.167279Z  INFO get_files:scan_sources: tailwindcss_oxide::scanner: Discovering "/Users/nathansmith/Desktop/GHS copy 4/golden-homeshare-marketplace/goldenhomesharev1/app/api/chat"
2025-05-27T16:44:26.167298Z  INFO get_files:scan_sources: tailwindcss_oxide::scanner: Discovering "/Users/nathansmith/Desktop/GHS copy 4/golden-homeshare-marketplace/goldenhomesharev1/app/api/chat/room"
2025-05-27T16:44:26.167321Z  INFO get_files:scan_sources: tailwindcss_oxide::scanner: Discovering "/Users/nathansmith/Desktop/GHS copy 4/golden-homeshare-marketplace/goldenhomesharev1/app/api/chat/delete"
2025-05-27T16:44:26.167343Z  INFO get_files:scan_sources: tailwindcss_oxide::scanner: Discovering "/Users/nathansmith/Desktop/GHS copy 4/golden-homeshare-marketplace/goldenhomesharev1/app/api/chat/profile-room"
2025-05-27T16:44:26.167365Z  INFO get_files:scan_sources: tailwindcss_oxide::scanner: Discovering "/Users/nathansmith/Desktop/GHS copy 4/golden-homeshare-marketplace/goldenhomesharev1/app/api/chat/toggle-hidden"
2025-05-27T16:44:26.167390Z  INFO get_files:scan_sources: tailwindcss_oxide::scanner: Discovering "/Users/nathansmith/Desktop/GHS copy 4/golden-homeshare-marketplace/goldenhomesharev1/app/api/chat/send"
2025-05-27T16:44:26.167411Z  INFO get_files:scan_sources: tailwindcss_oxide::scanner: Discovering "/Users/nathansmith/Desktop/GHS copy 4/golden-homeshare-marketplace/goldenhomesharev1/app/api/chat/send-profile-message"
2025-05-27T16:44:26.167434Z  INFO get_files:scan_sources: tailwindcss_oxide::scanner: Discovering "/Users/nathansmith/Desktop/GHS copy 4/golden-homeshare-marketplace/goldenhomesharev1/app/api/auth"
2025-05-27T16:44:26.167452Z  INFO get_files:scan_sources: tailwindcss_oxide::scanner: Discovering "/Users/nathansmith/Desktop/GHS copy 4/golden-homeshare-marketplace/goldenhomesharev1/app/api/auth/[kindeAuth]"
2025-05-27T16:44:26.167474Z  INFO get_files:scan_sources: tailwindcss_oxide::scanner: Discovering "/Users/nathansmith/Desktop/GHS copy 4/golden-homeshare-marketplace/goldenhomesharev1/app/api/auth/user"
2025-05-27T16:44:26.167496Z  INFO get_files:scan_sources: tailwindcss_oxide::scanner: Discovering "/Users/nathansmith/Desktop/GHS copy 4/golden-homeshare-marketplace/goldenhomesharev1/app/api/auth/creation"
2025-05-27T16:44:26.167519Z  INFO get_files:scan_sources: tailwindcss_oxide::scanner: Discovering "/Users/nathansmith/Desktop/GHS copy 4/golden-homeshare-marketplace/goldenhomesharev1/app/api/uploadthing"
2025-05-27T16:44:26.167544Z  INFO get_files:scan_sources: tailwindcss_oxide::scanner: Discovering "/Users/nathansmith/Desktop/GHS copy 4/golden-homeshare-marketplace/goldenhomesharev1/app/api/admin"
2025-05-27T16:44:26.167561Z  INFO get_files:scan_sources: tailwindcss_oxide::scanner: Discovering "/Users/nathansmith/Desktop/GHS copy 4/golden-homeshare-marketplace/goldenhomesharev1/app/api/admin/cleanup"
2025-05-27T16:44:26.167583Z  INFO get_files:scan_sources: tailwindcss_oxide::scanner: Discovering "/Users/nathansmith/Desktop/GHS copy 4/golden-homeshare-marketplace/goldenhomesharev1/app/api/user"
2025-05-27T16:44:26.167601Z  INFO get_files:scan_sources: tailwindcss_oxide::scanner: Discovering "/Users/nathansmith/Desktop/GHS copy 4/golden-homeshare-marketplace/goldenhomesharev1/app/api/user/delete"
2025-05-27T16:44:26.167623Z  INFO get_files:scan_sources: tailwindcss_oxide::scanner: Discovering "/Users/nathansmith/Desktop/GHS copy 4/golden-homeshare-marketplace/goldenhomesharev1/app/api/product"
2025-05-27T16:44:26.167640Z  INFO get_files:scan_sources: tailwindcss_oxide::scanner: Discovering "/Users/nathansmith/Desktop/GHS copy 4/golden-homeshare-marketplace/goldenhomesharev1/app/api/product/delete"
2025-05-27T16:44:26.167663Z  INFO get_files:scan_sources: tailwindcss_oxide::scanner: Discovering "/Users/nathansmith/Desktop/GHS copy 4/golden-homeshare-marketplace/goldenhomesharev1/app/api/stripe"
2025-05-27T16:44:26.167684Z  INFO get_files:scan_sources: tailwindcss_oxide::scanner: Discovering "/Users/nathansmith/Desktop/GHS copy 4/golden-homeshare-marketplace/goldenhomesharev1/app/api/stripe/connect"
2025-05-27T16:44:26.167707Z  INFO get_files:scan_sources: tailwindcss_oxide::scanner: Discovering "/Users/nathansmith/Desktop/GHS copy 4/golden-homeshare-marketplace/goldenhomesharev1/app/housemate"
2025-05-27T16:44:26.167725Z  INFO get_files:scan_sources: tailwindcss_oxide::scanner: Discovering "/Users/nathansmith/Desktop/GHS copy 4/golden-homeshare-marketplace/goldenhomesharev1/app/housemate/messages"
2025-05-27T16:44:26.167748Z  INFO get_files:scan_sources: tailwindcss_oxide::scanner: Discovering "/Users/nathansmith/Desktop/GHS copy 4/golden-homeshare-marketplace/goldenhomesharev1/app/housemate/dashboard"
2025-05-27T16:44:26.167770Z  INFO get_files:scan_sources: tailwindcss_oxide::scanner: Discovering "/Users/nathansmith/Desktop/GHS copy 4/golden-homeshare-marketplace/goldenhomesharev1/app/housemate/profile"
2025-05-27T16:44:26.167787Z  INFO get_files:scan_sources: tailwindcss_oxide::scanner: Discovering "/Users/nathansmith/Desktop/GHS copy 4/golden-homeshare-marketplace/goldenhomesharev1/app/housemate/profile/edit"
2025-05-27T16:44:26.167808Z  INFO get_files:scan_sources: tailwindcss_oxide::scanner: Discovering "/Users/nathansmith/Desktop/GHS copy 4/golden-homeshare-marketplace/goldenhomesharev1/app/housemate/profile/edit/components"
2025-05-27T16:44:26.167838Z  INFO get_files:scan_sources: tailwindcss_oxide::scanner: Discovering "/Users/nathansmith/Desktop/GHS copy 4/golden-homeshare-marketplace/goldenhomesharev1/app/housemate/signup-wizard"
2025-05-27T16:44:26.167857Z  INFO get_files:scan_sources: tailwindcss_oxide::scanner: Discovering "/Users/nathansmith/Desktop/GHS copy 4/golden-homeshare-marketplace/goldenhomesharev1/app/housemate/signup-wizard/components"
2025-05-27T16:44:26.167876Z  INFO get_files:scan_sources: tailwindcss_oxide::scanner: Discovering "/Users/nathansmith/Desktop/GHS copy 4/golden-homeshare-marketplace/goldenhomesharev1/app/housemate/signup-wizard/components/steps"
2025-05-27T16:44:26.167946Z  INFO get_files:scan_sources: tailwindcss_oxide::scanner: Discovering "/Users/nathansmith/Desktop/GHS copy 4/golden-homeshare-marketplace/goldenhomesharev1/app/billing"
2025-05-27T16:44:26.167968Z  INFO get_files:scan_sources: tailwindcss_oxide::scanner: Discovering "/Users/nathansmith/Desktop/GHS copy 4/golden-homeshare-marketplace/goldenhomesharev1/app/onboarding"
2025-05-27T16:44:26.167986Z  INFO get_files:scan_sources: tailwindcss_oxide::scanner: Discovering "/Users/nathansmith/Desktop/GHS copy 4/golden-homeshare-marketplace/goldenhomesharev1/app/onboarding/components"
2025-05-27T16:44:26.168036Z  INFO get_files:scan_sources: tailwindcss_oxide::scanner: Discovering "/Users/nathansmith/Desktop/GHS copy 4/golden-homeshare-marketplace/goldenhomesharev1/prisma"
2025-05-27T16:44:26.168055Z  INFO get_files:scan_sources: tailwindcss_oxide::scanner: Discovering "/Users/nathansmith/Desktop/GHS copy 4/golden-homeshare-marketplace/goldenhomesharev1/prisma/migrations"
2025-05-27T16:44:26.168084Z  INFO get_files:scan_sources: tailwindcss_oxide::scanner: Discovering "/Users/nathansmith/Desktop/GHS copy 4/golden-homeshare-marketplace/goldenhomesharev1/prisma/migrations/20250522165354_added_house_rules"
2025-05-27T16:44:26.168110Z  INFO get_files:scan_sources: tailwindcss_oxide::scanner: Discovering "/Users/nathansmith/Desktop/GHS copy 4/golden-homeshare-marketplace/goldenhomesharev1/prisma/migrations/20250526211907_add_hide_conversation_fields"
2025-05-27T16:44:26.168135Z  INFO get_files:scan_sources: tailwindcss_oxide::scanner: Discovering "/Users/nathansmith/Desktop/GHS copy 4/golden-homeshare-marketplace/goldenhomesharev1/prisma/migrations/20250525121403_make_productid_optional_for_profile_chats"
2025-05-27T16:44:26.168158Z  INFO get_files:scan_sources: tailwindcss_oxide::scanner: Discovering "/Users/nathansmith/Desktop/GHS copy 4/golden-homeshare-marketplace/goldenhomesharev1/prisma/migrations/20250524184657_add_address_to_product"
2025-05-27T16:44:26.168182Z  INFO get_files:scan_sources: tailwindcss_oxide::scanner: Discovering "/Users/nathansmith/Desktop/GHS copy 4/golden-homeshare-marketplace/goldenhomesharev1/prisma/migrations/20250525174737_add_cascade_delete_homeowner_chatroom"
2025-05-27T16:44:26.168205Z  INFO get_files:scan_sources: tailwindcss_oxide::scanner: Discovering "/Users/nathansmith/Desktop/GHS copy 4/golden-homeshare-marketplace/goldenhomesharev1/prisma/migrations/20250523153036_add_multi_tenant_support"
2025-05-27T16:44:26.168229Z  INFO get_files:scan_sources: tailwindcss_oxide::scanner: Discovering "/Users/nathansmith/Desktop/GHS copy 4/golden-homeshare-marketplace/goldenhomesharev1/prisma/migrations/20250526222845_add_message_cascade_deletes"
2025-05-27T16:44:26.168252Z  INFO get_files:scan_sources: tailwindcss_oxide::scanner: Discovering "/Users/nathansmith/Desktop/GHS copy 4/golden-homeshare-marketplace/goldenhomesharev1/prisma/migrations/20250524184210_add_cascade_deletes"
2025-05-27T16:44:26.168276Z  INFO get_files:scan_sources: tailwindcss_oxide::scanner: Discovering "/Users/nathansmith/Desktop/GHS copy 4/golden-homeshare-marketplace/goldenhomesharev1/prisma/migrations/20250525174915_add_cascade_delete_all_user_relations"
2025-05-27T16:44:26.168303Z  INFO get_files:scan_sources: tailwindcss_oxide::scanner: Discovering "/Users/nathansmith/Desktop/GHS copy 4/golden-homeshare-marketplace/goldenhomesharev1/prisma/migrations/20250525171753_add_can_help_with_to_housemate_profile"
2025-05-27T16:44:26.168326Z  INFO get_files:scan_sources: tailwindcss_oxide::scanner: Discovering "/Users/nathansmith/Desktop/GHS copy 4/golden-homeshare-marketplace/goldenhomesharev1/prisma/migrations/20250524170313_add_profile_preferences"
2025-05-27T16:44:26.168349Z  INFO get_files:scan_sources: tailwindcss_oxide::scanner: Discovering "/Users/nathansmith/Desktop/GHS copy 4/golden-homeshare-marketplace/goldenhomesharev1/prisma/migrations/20250524134949_add_chat_system"
2025-05-27T16:44:26.168372Z  INFO get_files:scan_sources: tailwindcss_oxide::scanner: Discovering "/Users/nathansmith/Desktop/GHS copy 4/golden-homeshare-marketplace/goldenhomesharev1/prisma/migrations/20250526221232_add_cascade_deletes"
2025-05-27T16:44:26.168394Z  INFO get_files:scan_sources: tailwindcss_oxide::scanner: Discovering "/Users/nathansmith/Desktop/GHS copy 4/golden-homeshare-marketplace/goldenhomesharev1/prisma/migrations/20250523154200_add_multi_tenant"
2025-05-27T16:44:26.168423Z  INFO get_files:scan_sources: tailwindcss_oxide::scanner: Discovering "/Users/nathansmith/Desktop/GHS copy 4/golden-homeshare-marketplace/goldenhomesharev1/docs"
2025-05-27T16:44:26.168465Z  INFO get_files:scan_sources: tailwindcss_oxide::scanner: Discovering "/Users/nathansmith/Desktop/GHS copy 4/golden-homeshare-marketplace/goldenhomesharev1/components"
2025-05-27T16:44:26.168483Z  INFO get_files:scan_sources: tailwindcss_oxide::scanner: Discovering "/Users/nathansmith/Desktop/GHS copy 4/golden-homeshare-marketplace/goldenhomesharev1/components/ui"
2025-05-27T16:44:26.168560Z  INFO get_files:scan_sources: tailwindcss_oxide::scanner: Discovering "/Users/nathansmith/Desktop/GHS copy 4/golden-homeshare-marketplace/goldenhomesharev1/public"
2025-05-27T16:44:26.168630Z  INFO get_files:scan_sources: tailwindcss_oxide::scanner: Discovering "/Users/nathansmith/Desktop/GHS copy 4/golden-homeshare-marketplace/goldenhomesharev1/hooks"
2025-05-27T16:44:26.168660Z  INFO get_files:scan_sources: tailwindcss_oxide::scanner: Discovering "/Users/nathansmith/Desktop/GHS copy 4/golden-homeshare-marketplace/goldenhomesharev1/scripts"
2025-05-27T16:44:26.168684Z  INFO get_files:scan_sources: tailwindcss_oxide::scanner: Discovering "/Users/nathansmith/Desktop/GHS copy 4/golden-homeshare-marketplace/goldenhomesharev1/lib"
2025-05-27T16:44:26.168703Z  INFO get_files:scan_sources: tailwindcss_oxide::scanner: Discovering "/Users/nathansmith/Desktop/GHS copy 4/golden-homeshare-marketplace/goldenhomesharev1/lib/generated"
2025-05-27T16:44:26.168722Z  INFO get_files:scan_sources: tailwindcss_oxide::scanner: Discovering "/Users/nathansmith/Desktop/GHS copy 4/golden-homeshare-marketplace/goldenhomesharev1/lib/generated/prisma"
2025-05-27T16:44:26.168758Z  INFO get_files:scan_sources: tailwindcss_oxide::scanner: Discovering "/Users/nathansmith/Desktop/GHS copy 4/golden-homeshare-marketplace/goldenhomesharev1/lib/generated/prisma/runtime"
2025-05-27T16:44:26.168853Z  INFO get_files:scan_sources: tailwindcss_oxide::scanner: Discovering "/Users/nathansmith/Desktop/GHS copy 4/golden-homeshare-marketplace/goldenhomesharev1/lib/supabase"
2025-05-27T16:44:26.169196Z  INFO get_files:scan_sources: tailwindcss_oxide::scanner: exit
2025-05-27T16:44:26.169324Z  INFO get_files: tailwindcss_oxide::scanner: exit
2025-05-27T16:44:26.169628Z  INFO get_globs: tailwindcss_oxide::scanner: enter
2025-05-27T16:44:26.169631Z  INFO get_globs:scan_sources: tailwindcss_oxide::scanner: enter
2025-05-27T16:44:26.169948Z  INFO get_globs:scan_sources: tailwindcss_oxide::scanner: Discovering "/Users/nathansmith/Desktop/GHS copy 4/golden-homeshare-marketplace/goldenhomesharev1/.cursor"
2025-05-27T16:44:26.169970Z  INFO get_globs:scan_sources: tailwindcss_oxide::scanner: Discovering "/Users/nathansmith/Desktop/GHS copy 4/golden-homeshare-marketplace/goldenhomesharev1/.cursor/rules"
2025-05-27T16:44:26.170065Z  INFO get_globs:scan_sources: tailwindcss_oxide::scanner: Discovering "/Users/nathansmith/Desktop/GHS copy 4/golden-homeshare-marketplace/goldenhomesharev1/app"
2025-05-27T16:44:26.170090Z  INFO get_globs:scan_sources: tailwindcss_oxide::scanner: Discovering "/Users/nathansmith/Desktop/GHS copy 4/golden-homeshare-marketplace/goldenhomesharev1/app/homeowner"
2025-05-27T16:44:26.170108Z  INFO get_globs:scan_sources: tailwindcss_oxide::scanner: Discovering "/Users/nathansmith/Desktop/GHS copy 4/golden-homeshare-marketplace/goldenhomesharev1/app/homeowner/messages"
2025-05-27T16:44:26.170133Z  INFO get_globs:scan_sources: tailwindcss_oxide::scanner: Discovering "/Users/nathansmith/Desktop/GHS copy 4/golden-homeshare-marketplace/goldenhomesharev1/app/homeowner/dashboard"
2025-05-27T16:44:26.170156Z  INFO get_globs:scan_sources: tailwindcss_oxide::scanner: Discovering "/Users/nathansmith/Desktop/GHS copy 4/golden-homeshare-marketplace/goldenhomesharev1/app/homeowner/profile"
2025-05-27T16:44:26.170175Z  INFO get_globs:scan_sources: tailwindcss_oxide::scanner: Discovering "/Users/nathansmith/Desktop/GHS copy 4/golden-homeshare-marketplace/goldenhomesharev1/app/homeowner/profile/edit"
2025-05-27T16:44:26.170193Z  INFO get_globs:scan_sources: tailwindcss_oxide::scanner: Discovering "/Users/nathansmith/Desktop/GHS copy 4/golden-homeshare-marketplace/goldenhomesharev1/app/homeowner/profile/edit/components"
2025-05-27T16:44:26.170223Z  INFO get_globs:scan_sources: tailwindcss_oxide::scanner: Discovering "/Users/nathansmith/Desktop/GHS copy 4/golden-homeshare-marketplace/goldenhomesharev1/app/settings"
2025-05-27T16:44:26.170245Z  INFO get_globs:scan_sources: tailwindcss_oxide::scanner: Discovering "/Users/nathansmith/Desktop/GHS copy 4/golden-homeshare-marketplace/goldenhomesharev1/app/sell"
2025-05-27T16:44:26.170263Z  INFO get_globs:scan_sources: tailwindcss_oxide::scanner: Discovering "/Users/nathansmith/Desktop/GHS copy 4/golden-homeshare-marketplace/goldenhomesharev1/app/sell/edit"
2025-05-27T16:44:26.170281Z  INFO get_globs:scan_sources: tailwindcss_oxide::scanner: Discovering "/Users/nathansmith/Desktop/GHS copy 4/golden-homeshare-marketplace/goldenhomesharev1/app/sell/edit/[id]"
2025-05-27T16:44:26.170313Z  INFO get_globs:scan_sources: tailwindcss_oxide::scanner: Discovering "/Users/nathansmith/Desktop/GHS copy 4/golden-homeshare-marketplace/goldenhomesharev1/app/products"
2025-05-27T16:44:26.170330Z  INFO get_globs:scan_sources: tailwindcss_oxide::scanner: Discovering "/Users/nathansmith/Desktop/GHS copy 4/golden-homeshare-marketplace/goldenhomesharev1/app/products/[category]"
2025-05-27T16:44:26.170356Z  INFO get_globs:scan_sources: tailwindcss_oxide::scanner: Discovering "/Users/nathansmith/Desktop/GHS copy 4/golden-homeshare-marketplace/goldenhomesharev1/app/payment"
2025-05-27T16:44:26.170374Z  INFO get_globs:scan_sources: tailwindcss_oxide::scanner: Discovering "/Users/nathansmith/Desktop/GHS copy 4/golden-homeshare-marketplace/goldenhomesharev1/app/payment/cancel"
2025-05-27T16:44:26.170395Z  INFO get_globs:scan_sources: tailwindcss_oxide::scanner: Discovering "/Users/nathansmith/Desktop/GHS copy 4/golden-homeshare-marketplace/goldenhomesharev1/app/payment/success"
2025-05-27T16:44:26.170417Z  INFO get_globs:scan_sources: tailwindcss_oxide::scanner: Discovering "/Users/nathansmith/Desktop/GHS copy 4/golden-homeshare-marketplace/goldenhomesharev1/app/return"
2025-05-27T16:44:26.170434Z  INFO get_globs:scan_sources: tailwindcss_oxide::scanner: Discovering "/Users/nathansmith/Desktop/GHS copy 4/golden-homeshare-marketplace/goldenhomesharev1/app/return/[id]"
2025-05-27T16:44:26.170456Z  INFO get_globs:scan_sources: tailwindcss_oxide::scanner: Discovering "/Users/nathansmith/Desktop/GHS copy 4/golden-homeshare-marketplace/goldenhomesharev1/app/product"
2025-05-27T16:44:26.170473Z  INFO get_globs:scan_sources: tailwindcss_oxide::scanner: Discovering "/Users/nathansmith/Desktop/GHS copy 4/golden-homeshare-marketplace/goldenhomesharev1/app/product/[id]"
2025-05-27T16:44:26.170501Z  INFO get_globs:scan_sources: tailwindcss_oxide::scanner: Discovering "/Users/nathansmith/Desktop/GHS copy 4/golden-homeshare-marketplace/goldenhomesharev1/app/components"
2025-05-27T16:44:26.170536Z  INFO get_globs:scan_sources: tailwindcss_oxide::scanner: Discovering "/Users/nathansmith/Desktop/GHS copy 4/golden-homeshare-marketplace/goldenhomesharev1/app/components/form"
2025-05-27T16:44:26.170572Z  INFO get_globs:scan_sources: tailwindcss_oxide::scanner: Discovering "/Users/nathansmith/Desktop/GHS copy 4/golden-homeshare-marketplace/goldenhomesharev1/app/components/chat"
2025-05-27T16:44:26.170722Z  INFO get_globs:scan_sources: tailwindcss_oxide::scanner: Discovering "/Users/nathansmith/Desktop/GHS copy 4/golden-homeshare-marketplace/goldenhomesharev1/app/profile"
2025-05-27T16:44:26.170741Z  INFO get_globs:scan_sources: tailwindcss_oxide::scanner: Discovering "/Users/nathansmith/Desktop/GHS copy 4/golden-homeshare-marketplace/goldenhomesharev1/app/profile/[id]"
2025-05-27T16:44:26.170761Z  INFO get_globs:scan_sources: tailwindcss_oxide::scanner: Discovering "/Users/nathansmith/Desktop/GHS copy 4/golden-homeshare-marketplace/goldenhomesharev1/app/profile/[id]/components"
2025-05-27T16:44:26.170795Z  INFO get_globs:scan_sources: tailwindcss_oxide::scanner: Discovering "/Users/nathansmith/Desktop/GHS copy 4/golden-homeshare-marketplace/goldenhomesharev1/app/my-products"
2025-05-27T16:44:26.170822Z  INFO get_globs:scan_sources: tailwindcss_oxide::scanner: Discovering "/Users/nathansmith/Desktop/GHS copy 4/golden-homeshare-marketplace/goldenhomesharev1/app/list"
2025-05-27T16:44:26.170849Z  INFO get_globs:scan_sources: tailwindcss_oxide::scanner: Discovering "/Users/nathansmith/Desktop/GHS copy 4/golden-homeshare-marketplace/goldenhomesharev1/app/actions"
2025-05-27T16:44:26.170873Z  INFO get_globs:scan_sources: tailwindcss_oxide::scanner: Discovering "/Users/nathansmith/Desktop/GHS copy 4/golden-homeshare-marketplace/goldenhomesharev1/app/lib"
2025-05-27T16:44:26.170916Z  INFO get_globs:scan_sources: tailwindcss_oxide::scanner: Discovering "/Users/nathansmith/Desktop/GHS copy 4/golden-homeshare-marketplace/goldenhomesharev1/app/api"
2025-05-27T16:44:26.170937Z  INFO get_globs:scan_sources: tailwindcss_oxide::scanner: Discovering "/Users/nathansmith/Desktop/GHS copy 4/golden-homeshare-marketplace/goldenhomesharev1/app/api/messages"
2025-05-27T16:44:26.170956Z  INFO get_globs:scan_sources: tailwindcss_oxide::scanner: Discovering "/Users/nathansmith/Desktop/GHS copy 4/golden-homeshare-marketplace/goldenhomesharev1/app/api/messages/mark-read"
2025-05-27T16:44:26.170981Z  INFO get_globs:scan_sources: tailwindcss_oxide::scanner: Discovering "/Users/nathansmith/Desktop/GHS copy 4/golden-homeshare-marketplace/goldenhomesharev1/app/api/messages/unread-count"
2025-05-27T16:44:26.171006Z  INFO get_globs:scan_sources: tailwindcss_oxide::scanner: Discovering "/Users/nathansmith/Desktop/GHS copy 4/golden-homeshare-marketplace/goldenhomesharev1/app/api/products"
2025-05-27T16:44:26.171030Z  INFO get_globs:scan_sources: tailwindcss_oxide::scanner: Discovering "/Users/nathansmith/Desktop/GHS copy 4/golden-homeshare-marketplace/goldenhomesharev1/app/api/chat"
2025-05-27T16:44:26.171051Z  INFO get_globs:scan_sources: tailwindcss_oxide::scanner: Discovering "/Users/nathansmith/Desktop/GHS copy 4/golden-homeshare-marketplace/goldenhomesharev1/app/api/chat/room"
2025-05-27T16:44:26.171075Z  INFO get_globs:scan_sources: tailwindcss_oxide::scanner: Discovering "/Users/nathansmith/Desktop/GHS copy 4/golden-homeshare-marketplace/goldenhomesharev1/app/api/chat/delete"
2025-05-27T16:44:26.171099Z  INFO get_globs:scan_sources: tailwindcss_oxide::scanner: Discovering "/Users/nathansmith/Desktop/GHS copy 4/golden-homeshare-marketplace/goldenhomesharev1/app/api/chat/profile-room"
2025-05-27T16:44:26.171123Z  INFO get_globs:scan_sources: tailwindcss_oxide::scanner: Discovering "/Users/nathansmith/Desktop/GHS copy 4/golden-homeshare-marketplace/goldenhomesharev1/app/api/chat/toggle-hidden"
2025-05-27T16:44:26.171151Z  INFO get_globs:scan_sources: tailwindcss_oxide::scanner: Discovering "/Users/nathansmith/Desktop/GHS copy 4/golden-homeshare-marketplace/goldenhomesharev1/app/api/chat/send"
2025-05-27T16:44:26.171175Z  INFO get_globs:scan_sources: tailwindcss_oxide::scanner: Discovering "/Users/nathansmith/Desktop/GHS copy 4/golden-homeshare-marketplace/goldenhomesharev1/app/api/chat/send-profile-message"
2025-05-27T16:44:26.171200Z  INFO get_globs:scan_sources: tailwindcss_oxide::scanner: Discovering "/Users/nathansmith/Desktop/GHS copy 4/golden-homeshare-marketplace/goldenhomesharev1/app/api/auth"
2025-05-27T16:44:26.171219Z  INFO get_globs:scan_sources: tailwindcss_oxide::scanner: Discovering "/Users/nathansmith/Desktop/GHS copy 4/golden-homeshare-marketplace/goldenhomesharev1/app/api/auth/[kindeAuth]"
2025-05-27T16:44:26.171244Z  INFO get_globs:scan_sources: tailwindcss_oxide::scanner: Discovering "/Users/nathansmith/Desktop/GHS copy 4/golden-homeshare-marketplace/goldenhomesharev1/app/api/auth/user"
2025-05-27T16:44:26.171268Z  INFO get_globs:scan_sources: tailwindcss_oxide::scanner: Discovering "/Users/nathansmith/Desktop/GHS copy 4/golden-homeshare-marketplace/goldenhomesharev1/app/api/auth/creation"
2025-05-27T16:44:26.171293Z  INFO get_globs:scan_sources: tailwindcss_oxide::scanner: Discovering "/Users/nathansmith/Desktop/GHS copy 4/golden-homeshare-marketplace/goldenhomesharev1/app/api/uploadthing"
2025-05-27T16:44:26.171320Z  INFO get_globs:scan_sources: tailwindcss_oxide::scanner: Discovering "/Users/nathansmith/Desktop/GHS copy 4/golden-homeshare-marketplace/goldenhomesharev1/app/api/admin"
2025-05-27T16:44:26.171339Z  INFO get_globs:scan_sources: tailwindcss_oxide::scanner: Discovering "/Users/nathansmith/Desktop/GHS copy 4/golden-homeshare-marketplace/goldenhomesharev1/app/api/admin/cleanup"
2025-05-27T16:44:26.171364Z  INFO get_globs:scan_sources: tailwindcss_oxide::scanner: Discovering "/Users/nathansmith/Desktop/GHS copy 4/golden-homeshare-marketplace/goldenhomesharev1/app/api/user"
2025-05-27T16:44:26.171383Z  INFO get_globs:scan_sources: tailwindcss_oxide::scanner: Discovering "/Users/nathansmith/Desktop/GHS copy 4/golden-homeshare-marketplace/goldenhomesharev1/app/api/user/delete"
2025-05-27T16:44:26.171407Z  INFO get_globs:scan_sources: tailwindcss_oxide::scanner: Discovering "/Users/nathansmith/Desktop/GHS copy 4/golden-homeshare-marketplace/goldenhomesharev1/app/api/product"
2025-05-27T16:44:26.171426Z  INFO get_globs:scan_sources: tailwindcss_oxide::scanner: Discovering "/Users/nathansmith/Desktop/GHS copy 4/golden-homeshare-marketplace/goldenhomesharev1/app/api/product/delete"
2025-05-27T16:44:26.171451Z  INFO get_globs:scan_sources: tailwindcss_oxide::scanner: Discovering "/Users/nathansmith/Desktop/GHS copy 4/golden-homeshare-marketplace/goldenhomesharev1/app/api/stripe"
2025-05-27T16:44:26.171474Z  INFO get_globs:scan_sources: tailwindcss_oxide::scanner: Discovering "/Users/nathansmith/Desktop/GHS copy 4/golden-homeshare-marketplace/goldenhomesharev1/app/api/stripe/connect"
2025-05-27T16:44:26.171499Z  INFO get_globs:scan_sources: tailwindcss_oxide::scanner: Discovering "/Users/nathansmith/Desktop/GHS copy 4/golden-homeshare-marketplace/goldenhomesharev1/app/housemate"
2025-05-27T16:44:26.171519Z  INFO get_globs:scan_sources: tailwindcss_oxide::scanner: Discovering "/Users/nathansmith/Desktop/GHS copy 4/golden-homeshare-marketplace/goldenhomesharev1/app/housemate/messages"
2025-05-27T16:44:26.171542Z  INFO get_globs:scan_sources: tailwindcss_oxide::scanner: Discovering "/Users/nathansmith/Desktop/GHS copy 4/golden-homeshare-marketplace/goldenhomesharev1/app/housemate/dashboard"
2025-05-27T16:44:26.171564Z  INFO get_globs:scan_sources: tailwindcss_oxide::scanner: Discovering "/Users/nathansmith/Desktop/GHS copy 4/golden-homeshare-marketplace/goldenhomesharev1/app/housemate/profile"
2025-05-27T16:44:26.171581Z  INFO get_globs:scan_sources: tailwindcss_oxide::scanner: Discovering "/Users/nathansmith/Desktop/GHS copy 4/golden-homeshare-marketplace/goldenhomesharev1/app/housemate/profile/edit"
2025-05-27T16:44:26.171602Z  INFO get_globs:scan_sources: tailwindcss_oxide::scanner: Discovering "/Users/nathansmith/Desktop/GHS copy 4/golden-homeshare-marketplace/goldenhomesharev1/app/housemate/profile/edit/components"
2025-05-27T16:44:26.171633Z  INFO get_globs:scan_sources: tailwindcss_oxide::scanner: Discovering "/Users/nathansmith/Desktop/GHS copy 4/golden-homeshare-marketplace/goldenhomesharev1/app/housemate/signup-wizard"
2025-05-27T16:44:26.171651Z  INFO get_globs:scan_sources: tailwindcss_oxide::scanner: Discovering "/Users/nathansmith/Desktop/GHS copy 4/golden-homeshare-marketplace/goldenhomesharev1/app/housemate/signup-wizard/components"
2025-05-27T16:44:26.171670Z  INFO get_globs:scan_sources: tailwindcss_oxide::scanner: Discovering "/Users/nathansmith/Desktop/GHS copy 4/golden-homeshare-marketplace/goldenhomesharev1/app/housemate/signup-wizard/components/steps"
2025-05-27T16:44:26.171736Z  INFO get_globs:scan_sources: tailwindcss_oxide::scanner: Discovering "/Users/nathansmith/Desktop/GHS copy 4/golden-homeshare-marketplace/goldenhomesharev1/app/billing"
2025-05-27T16:44:26.171758Z  INFO get_globs:scan_sources: tailwindcss_oxide::scanner: Discovering "/Users/nathansmith/Desktop/GHS copy 4/golden-homeshare-marketplace/goldenhomesharev1/app/onboarding"
2025-05-27T16:44:26.171776Z  INFO get_globs:scan_sources: tailwindcss_oxide::scanner: Discovering "/Users/nathansmith/Desktop/GHS copy 4/golden-homeshare-marketplace/goldenhomesharev1/app/onboarding/components"
2025-05-27T16:44:26.171827Z  INFO get_globs:scan_sources: tailwindcss_oxide::scanner: Discovering "/Users/nathansmith/Desktop/GHS copy 4/golden-homeshare-marketplace/goldenhomesharev1/prisma"
2025-05-27T16:44:26.171844Z  INFO get_globs:scan_sources: tailwindcss_oxide::scanner: Discovering "/Users/nathansmith/Desktop/GHS copy 4/golden-homeshare-marketplace/goldenhomesharev1/prisma/migrations"
2025-05-27T16:44:26.171872Z  INFO get_globs:scan_sources: tailwindcss_oxide::scanner: Discovering "/Users/nathansmith/Desktop/GHS copy 4/golden-homeshare-marketplace/goldenhomesharev1/prisma/migrations/20250522165354_added_house_rules"
2025-05-27T16:44:26.171898Z  INFO get_globs:scan_sources: tailwindcss_oxide::scanner: Discovering "/Users/nathansmith/Desktop/GHS copy 4/golden-homeshare-marketplace/goldenhomesharev1/prisma/migrations/20250526211907_add_hide_conversation_fields"
2025-05-27T16:44:26.171922Z  INFO get_globs:scan_sources: tailwindcss_oxide::scanner: Discovering "/Users/nathansmith/Desktop/GHS copy 4/golden-homeshare-marketplace/goldenhomesharev1/prisma/migrations/20250525121403_make_productid_optional_for_profile_chats"
2025-05-27T16:44:26.171945Z  INFO get_globs:scan_sources: tailwindcss_oxide::scanner: Discovering "/Users/nathansmith/Desktop/GHS copy 4/golden-homeshare-marketplace/goldenhomesharev1/prisma/migrations/20250524184657_add_address_to_product"
2025-05-27T16:44:26.171968Z  INFO get_globs:scan_sources: tailwindcss_oxide::scanner: Discovering "/Users/nathansmith/Desktop/GHS copy 4/golden-homeshare-marketplace/goldenhomesharev1/prisma/migrations/20250525174737_add_cascade_delete_homeowner_chatroom"
2025-05-27T16:44:26.171992Z  INFO get_globs:scan_sources: tailwindcss_oxide::scanner: Discovering "/Users/nathansmith/Desktop/GHS copy 4/golden-homeshare-marketplace/goldenhomesharev1/prisma/migrations/20250523153036_add_multi_tenant_support"
2025-05-27T16:44:26.172014Z  INFO get_globs:scan_sources: tailwindcss_oxide::scanner: Discovering "/Users/nathansmith/Desktop/GHS copy 4/golden-homeshare-marketplace/goldenhomesharev1/prisma/migrations/20250526222845_add_message_cascade_deletes"
2025-05-27T16:44:26.172037Z  INFO get_globs:scan_sources: tailwindcss_oxide::scanner: Discovering "/Users/nathansmith/Desktop/GHS copy 4/golden-homeshare-marketplace/goldenhomesharev1/prisma/migrations/20250524184210_add_cascade_deletes"
2025-05-27T16:44:26.172060Z  INFO get_globs:scan_sources: tailwindcss_oxide::scanner: Discovering "/Users/nathansmith/Desktop/GHS copy 4/golden-homeshare-marketplace/goldenhomesharev1/prisma/migrations/20250525174915_add_cascade_delete_all_user_relations"
2025-05-27T16:44:26.172087Z  INFO get_globs:scan_sources: tailwindcss_oxide::scanner: Discovering "/Users/nathansmith/Desktop/GHS copy 4/golden-homeshare-marketplace/goldenhomesharev1/prisma/migrations/20250525171753_add_can_help_with_to_housemate_profile"
2025-05-27T16:44:26.172109Z  INFO get_globs:scan_sources: tailwindcss_oxide::scanner: Discovering "/Users/nathansmith/Desktop/GHS copy 4/golden-homeshare-marketplace/goldenhomesharev1/prisma/migrations/20250524170313_add_profile_preferences"
2025-05-27T16:44:26.172131Z  INFO get_globs:scan_sources: tailwindcss_oxide::scanner: Discovering "/Users/nathansmith/Desktop/GHS copy 4/golden-homeshare-marketplace/goldenhomesharev1/prisma/migrations/20250524134949_add_chat_system"
2025-05-27T16:44:26.172153Z  INFO get_globs:scan_sources: tailwindcss_oxide::scanner: Discovering "/Users/nathansmith/Desktop/GHS copy 4/golden-homeshare-marketplace/goldenhomesharev1/prisma/migrations/20250526221232_add_cascade_deletes"
2025-05-27T16:44:26.172175Z  INFO get_globs:scan_sources: tailwindcss_oxide::scanner: Discovering "/Users/nathansmith/Desktop/GHS copy 4/golden-homeshare-marketplace/goldenhomesharev1/prisma/migrations/20250523154200_add_multi_tenant"
2025-05-27T16:44:26.172202Z  INFO get_globs:scan_sources: tailwindcss_oxide::scanner: Discovering "/Users/nathansmith/Desktop/GHS copy 4/golden-homeshare-marketplace/goldenhomesharev1/docs"
2025-05-27T16:44:26.172242Z  INFO get_globs:scan_sources: tailwindcss_oxide::scanner: Discovering "/Users/nathansmith/Desktop/GHS copy 4/golden-homeshare-marketplace/goldenhomesharev1/components"
2025-05-27T16:44:26.172259Z  INFO get_globs:scan_sources: tailwindcss_oxide::scanner: Discovering "/Users/nathansmith/Desktop/GHS copy 4/golden-homeshare-marketplace/goldenhomesharev1/components/ui"
2025-05-27T16:44:26.172333Z  INFO get_globs:scan_sources: tailwindcss_oxide::scanner: Discovering "/Users/nathansmith/Desktop/GHS copy 4/golden-homeshare-marketplace/goldenhomesharev1/public"
2025-05-27T16:44:26.172401Z  INFO get_globs:scan_sources: tailwindcss_oxide::scanner: Discovering "/Users/nathansmith/Desktop/GHS copy 4/golden-homeshare-marketplace/goldenhomesharev1/hooks"
2025-05-27T16:44:26.172430Z  INFO get_globs:scan_sources: tailwindcss_oxide::scanner: Discovering "/Users/nathansmith/Desktop/GHS copy 4/golden-homeshare-marketplace/goldenhomesharev1/scripts"
2025-05-27T16:44:26.172451Z  INFO get_globs:scan_sources: tailwindcss_oxide::scanner: Discovering "/Users/nathansmith/Desktop/GHS copy 4/golden-homeshare-marketplace/goldenhomesharev1/lib"
2025-05-27T16:44:26.172469Z  INFO get_globs:scan_sources: tailwindcss_oxide::scanner: Discovering "/Users/nathansmith/Desktop/GHS copy 4/golden-homeshare-marketplace/goldenhomesharev1/lib/generated"
2025-05-27T16:44:26.172486Z  INFO get_globs:scan_sources: tailwindcss_oxide::scanner: Discovering "/Users/nathansmith/Desktop/GHS copy 4/golden-homeshare-marketplace/goldenhomesharev1/lib/generated/prisma"
2025-05-27T16:44:26.172520Z  INFO get_globs:scan_sources: tailwindcss_oxide::scanner: Discovering "/Users/nathansmith/Desktop/GHS copy 4/golden-homeshare-marketplace/goldenhomesharev1/lib/generated/prisma/runtime"
2025-05-27T16:44:26.172606Z  INFO get_globs:scan_sources: tailwindcss_oxide::scanner: Discovering "/Users/nathansmith/Desktop/GHS copy 4/golden-homeshare-marketplace/goldenhomesharev1/lib/supabase"
2025-05-27T16:44:26.172934Z  INFO get_globs:scan_sources: tailwindcss_oxide::scanner: exit
2025-05-27T16:44:26.175146Z  INFO get_globs: tailwindcss_oxide::scanner: exit
